timestamp,label,x_0,y_0,z_0,x_1,y_1,z_1,x_2,y_2,z_2,x_3,y_3,z_3,x_4,y_4,z_4,x_5,y_5,z_5,x_6,y_6,z_6,x_7,y_7,z_7,x_8,y_8,z_8,x_9,y_9,z_9,x_10,y_10,z_10,x_11,y_11,z_11,x_12,y_12,z_12,x_13,y_13,z_13,x_14,y_14,z_14,x_15,y_15,z_15,x_16,y_16,z_16,x_17,y_17,z_17,x_18,y_18,z_18,x_19,y_19,z_19,x_20,y_20,z_20
20250527_114502_827409,0,0.3720248341560364,0.7199610471725464,4.393711492411967e-07,0.30032414197921753,0.7105004787445068,-0.026703471317887306,0.24751490354537964,0.641015350818634,-0.03708420321345329,0.21967101097106934,0.5661898255348206,-0.045604899525642395,0.18633440136909485,0.5184696912765503,-0.053735021501779556,0.27053192257881165,0.5108158588409424,-0.0160190612077713,0.25702202320098877,0.4172207713127136,-0.03591816499829292,0.2517370581626892,0.3585159182548523,-0.05360163375735283,0.24967072904109955,0.30609267950057983,-0.0668080523610115,0.3054124712944031,0.49153777956962585,-0.018961789086461067,0.28930404782295227,0.38733822107315063,-0.03420184180140495,0.281612753868103,0.3215430974960327,-0.04824402555823326,0.27701857686042786,0.26543936133384705,-0.05939518287777901,0.34006232023239136,0.49502891302108765,-0.026723409071564674,0.32664766907691956,0.39606720209121704,-0.04284656420350075,0.31982743740081787,0.33591228723526,-0.05218042805790901,0.3146533966064453,0.2824254035949707,-0.05991894379258156,0.37844640016555786,0.5148471593856812,-0.037881121039390564,0.37338316440582275,0.4415587782859802,-0.05351477116346359,0.36949801445007324,0.39288970828056335,-0.05977601185441017,0.3651064336299896,0.3479805588722229,-0.06449809670448303
20250527_114503_332402,0,0.4135003685951233,0.7295206785202026,3.262455265939934e-07,0.340419203042984,0.7108983397483826,-0.018543019890785217,0.2939535975456238,0.6360538005828857,-0.024181772023439407,0.2744517922401428,0.5661781430244446,-0.03001382015645504,0.2472129762172699,0.5198155641555786,-0.03584873676300049,0.32161760330200195,0.5167363882064819,-0.002748484956100583,0.311955988407135,0.4285401999950409,-0.017690211534500122,0.3093594014644623,0.374875545501709,-0.03337518870830536,0.308910071849823,0.32598891854286194,-0.04573140665888786,0.3550611436367035,0.5020641684532166,-0.0088276918977499,0.3441840708255768,0.40374553203582764,-0.020262788981199265,0.33884674310684204,0.34215810894966125,-0.03394278138875961,0.33641141653060913,0.2889884114265442,-0.04510245844721794,0.38738498091697693,0.5083305239677429,-0.019437963142991066,0.3791675865650177,0.4150642156600952,-0.031734440475702286,0.37293776869773865,0.35797837376594543,-0.04101695865392685,0.36803287267684937,0.3067704737186432,-0.049112215638160706,0.4224562346935272,0.529209554195404,-0.03300631791353226,0.41882359981536865,0.45713192224502563,-0.044464871287345886,0.41321563720703125,0.4098721146583557,-0.04925471916794777,0.4069446623325348,0.3667029142379761,-0.05357357859611511
20250527_114503_752013,0,0.4497048258781433,0.7191006541252136,3.8977177041488176e-07,0.38166430592536926,0.6945434808731079,-0.02209341712296009,0.33837592601776123,0.622084379196167,-0.031198177486658096,0.3219553530216217,0.5522944927215576,-0.03929927945137024,0.30091923475265503,0.49820277094841003,-0.04720387980341911,0.3673829734325409,0.504173994064331,-0.013276444748044014,0.3622760772705078,0.41535189747810364,-0.03254550322890282,0.3614859879016876,0.36011165380477905,-0.04977071285247803,0.36221468448638916,0.31018710136413574,-0.06272202730178833,0.40073010325431824,0.4918496608734131,-0.017866484820842743,0.3940984606742859,0.39335334300994873,-0.033691249787807465,0.3917023241519928,0.33195626735687256,-0.04847468435764313,0.3903960585594177,0.27686023712158203,-0.05992792546749115,0.4331763982772827,0.5008329749107361,-0.026747791096568108,0.42772969603538513,0.405352920293808,-0.0432119145989418,0.42553743720054626,0.34800463914871216,-0.05352860689163208,0.42372816801071167,0.2955029606819153,-0.06152753159403801,0.4686833620071411,0.5255975723266602,-0.03847212716937065,0.46783673763275146,0.4539152979850769,-0.05445292592048645,0.46485432982444763,0.4042755365371704,-0.06164151430130005,0.4609009921550751,0.35738909244537354,-0.06681947410106659
20250527_114504_259373,0,0.5008562207221985,0.706180989742279,2.9693345027226314e-07,0.43581268191337585,0.6698803305625916,-0.01386888325214386,0.4043697118759155,0.5838138461112976,-0.015552660450339317,0.40242698788642883,0.5098375678062439,-0.018139934167265892,0.38955143094062805,0.4604235589504242,-0.020810117945075035,0.4433806240558624,0.4685541093349457,0.005085317883640528,0.4454503059387207,0.38086065649986267,-0.0075612748041749,0.4481027126312256,0.3260151147842407,-0.022095559164881706,0.45129793882369995,0.2759677469730377,-0.034521497786045074,0.4764604866504669,0.4606087803840637,-0.002883418696001172,0.47686177492141724,0.3606222867965698,-0.013517401181161404,0.4783364534378052,0.29813653230667114,-0.027516141533851624,0.4803124666213989,0.24180081486701965,-0.039035145193338394,0.50539630651474,0.47511225938796997,-0.015225999057292938,0.5074477195739746,0.37705832719802856,-0.02877887897193432,0.5094165205955505,0.3182384967803955,-0.03972722962498665,0.5109349489212036,0.26485902070999146,-0.04873954877257347,0.5368852019309998,0.507452666759491,-0.02999778836965561,0.5402218103408813,0.43536990880966187,-0.04382374510169029,0.5404882431030273,0.38674628734588623,-0.050770606845617294,0.5390090346336365,0.34020668268203735,-0.05662064254283905
20250527_114504_757549,0,0.549247145652771,0.7019733190536499,2.553577473918267e-07,0.4902140200138092,0.6657832264900208,-0.006731653120368719,0.46536004543304443,0.5824809074401855,-0.00792381726205349,0.46586745977401733,0.5206091403961182,-0.011593470349907875,0.46512940526008606,0.4708930552005768,-0.016409775242209435,0.498051255941391,0.4753502607345581,0.006469246465712786,0.5009996294975281,0.39190706610679626,-0.005833982955664396,0.501544713973999,0.3387170433998108,-0.019834483042359352,0.5028321743011475,0.29118362069129944,-0.03171265870332718,0.5211013555526733,0.46996089816093445,-0.004013241268694401,0.5237581133842468,0.37768039107322693,-0.014829069375991821,0.5240142345428467,0.3171076774597168,-0.029670480638742447,0.526143491268158,0.26021236181259155,-0.04221867024898529,0.5422531962394714,0.48321905732154846,-0.017798379063606262,0.547921895980835,0.3923203945159912,-0.030118463560938835,0.5491918325424194,0.3345457911491394,-0.042938075959682465,0.5496091842651367,0.2825015187263489,-0.05384894460439682,0.563664436340332,0.5121805667877197,-0.03325681388378143,0.5681079030036926,0.4421847462654114,-0.045474179089069366,0.5665887594223022,0.39381277561187744,-0.05351516604423523,0.5625355839729309,0.3486936390399933,-0.060819681733846664
20250527_114505_261158,0,0.577613115310669,0.6859129667282104,2.1494585666914645e-07,0.5275266170501709,0.6484130620956421,0.00043145514791831374,0.5070916414260864,0.5703213810920715,0.0026496786158531904,0.5088138580322266,0.5154962539672852,0.0013371153036132455,0.5085371732711792,0.47740161418914795,-0.0012612690916284919,0.5348255038261414,0.46932896971702576,0.010432358831167221,0.5350732207298279,0.3886674642562866,0.00013924176164437085,0.5336002111434937,0.33632171154022217,-0.011293397285044193,0.533264696598053,0.2915632128715515,-0.02079959213733673,0.553127110004425,0.4665488302707672,-0.0020508035086095333,0.5520449876785278,0.3765932321548462,-0.012184948660433292,0.5485148429870605,0.3146741986274719,-0.024623451754450798,0.5461063981056213,0.2587442100048065,-0.03453483060002327,0.5715457201004028,0.47962135076522827,-0.01693114824593067,0.5752311944961548,0.3914296329021454,-0.02819427102804184,0.5749996900558472,0.3345099091529846,-0.03885923698544502,0.5731313228607178,0.2844701409339905,-0.04718621075153351,0.5892263650894165,0.50652015209198,-0.032858725637197495,0.5931693315505981,0.4380633533000946,-0.04341261833906174,0.5912509560585022,0.3926948308944702,-0.04961618408560753,0.5868405103683472,0.3527367115020752,-0.05496564507484436
20250527_114505_864244,0,0.6230369210243225,0.6851873397827148,1.4638651180121087e-07,0.5764563083648682,0.6441593170166016,0.004031582735478878,0.560075044631958,0.563093900680542,0.008493231609463692,0.5627672076225281,0.510917067527771,0.008224455639719963,0.5705757141113281,0.47424110770225525,0.006666998844593763,0.5919584631919861,0.46425101161003113,0.02035290189087391,0.5927460193634033,0.3874956965446472,0.012966633774340153,0.5899747610092163,0.334751695394516,0.0035038806963711977,0.5880206823348999,0.2891967296600342,-0.005350417457520962,0.6101039052009583,0.4617958068847656,0.005365976598113775,0.6116260886192322,0.37423598766326904,-0.0036405157297849655,0.609003484249115,0.31399300694465637,-0.015278649516403675,0.6069819927215576,0.25873473286628723,-0.024631425738334656,0.6269038915634155,0.47378861904144287,-0.012240325100719929,0.6296928524971008,0.3880949318408966,-0.023395080119371414,0.6276038885116577,0.33079665899276733,-0.03327679634094238,0.6242209076881409,0.2789750099182129,-0.04095844551920891,0.6398825645446777,0.4975174069404602,-0.03074813447892666,0.6384318470954895,0.42527711391448975,-0.041170716285705566,0.6345741748809814,0.3805851936340332,-0.04633020982146263,0.6291742920875549,0.3413389325141907,-0.050934404134750366
20250527_114506_438327,0,0.6491307616233826,0.6757349967956543,2.5930404490281944e-07,0.5959935188293457,0.6434701681137085,-0.011922165751457214,0.5650936961174011,0.5633644461631775,-0.01486340630799532,0.559550940990448,0.5012703537940979,-0.019357990473508835,0.5581074357032776,0.4574635624885559,-0.024060692638158798,0.595435380935669,0.46009498834609985,0.003011975670233369,0.595119833946228,0.37845396995544434,-0.010786577127873898,0.5953177809715271,0.32600104808807373,-0.025632422417402267,0.5960939526557922,0.2795023024082184,-0.037517063319683075,0.6214608550071716,0.45095768570899963,-0.004810734651982784,0.6190923452377319,0.3595963418483734,-0.016814399510622025,0.6182591915130615,0.298186719417572,-0.030760671943426132,0.6182742714881897,0.24212060868740082,-0.041765861213207245,0.646856963634491,0.45913681387901306,-0.016433794051408768,0.6466450095176697,0.36942875385284424,-0.028874874114990234,0.6470456719398499,0.31315362453460693,-0.039631880819797516,0.6464856266975403,0.26180845499038696,-0.04831187054514885,0.6734421253204346,0.4813164174556732,-0.030366605147719383,0.6728549003601074,0.41072317957878113,-0.0422852523624897,0.6710434556007385,0.36393463611602783,-0.048715658485889435,0.6669996380805969,0.3202250003814697,-0.05408391356468201
20250527_114507_012756,0,0.7051180005073547,0.668261706829071,5.425609970188816e-07,0.637233555316925,0.64656001329422,-0.03973660618066788,0.5891921520233154,0.568647563457489,-0.050148237496614456,0.5676731467247009,0.4881158471107483,-0.05582946538925171,0.5364689826965332,0.43036457896232605,-0.05868510529398918,0.6080867052078247,0.44387972354888916,-0.0073466673493385315,0.5990003943443298,0.3506065309047699,-0.021099278703331947,0.6003605127334595,0.2911977171897888,-0.036740925163030624,0.6043013334274292,0.2375047355890274,-0.04842222481966019,0.6428185105323792,0.4277041554450989,0.0004325668851379305,0.6258033514022827,0.330685019493103,-0.006987458094954491,0.6202177405357361,0.2676873803138733,-0.017541583627462387,0.6177518963813782,0.21363452076911926,-0.026046883314847946,0.6771440505981445,0.4328244924545288,0.0010108478600159287,0.6637005805969238,0.3410619795322418,-0.009880567900836468,0.6567871570587158,0.28498926758766174,-0.01736358180642128,0.6518480181694031,0.2345745712518692,-0.023127013817429543,0.7173969745635986,0.4493102431297302,-0.00338171049952507,0.7117389440536499,0.3777191936969757,-0.014739747159183025,0.7071968913078308,0.33330538868904114,-0.019250744953751564,0.7016483545303345,0.28955620527267456,-0.022347724065184593
20250527_114507_773530,0,0.7048659920692444,0.6309996247291565,6.207388310031092e-07,0.6492152810096741,0.605853259563446,-0.05344134941697121,0.6218564510345459,0.5235194563865662,-0.07157161086797714,0.6209245324134827,0.4378071129322052,-0.08182466775178909,0.5984643697738647,0.3748086392879486,-0.0893021747469902,0.6388275027275085,0.3895466923713684,-0.03197033703327179,0.6420229077339172,0.28484052419662476,-0.05245273560285568,0.6468441486358643,0.21575282514095306,-0.0711463987827301,0.654066264629364,0.158525288105011,-0.08362563699483871,0.6673470735549927,0.37515658140182495,-0.016687072813510895,0.6631503701210022,0.2635805010795593,-0.028819015249609947,0.6613548398017883,0.1942524015903473,-0.040477871894836426,0.6615687608718872,0.13503336906433105,-0.049289025366306305,0.6938416957855225,0.3817451000213623,-0.008466514758765697,0.6901231408119202,0.2815569043159485,-0.01960735023021698,0.6860306859016418,0.21782368421554565,-0.028492510318756104,0.6835428476333618,0.1628977209329605,-0.03576051443815231,0.725161075592041,0.4036843776702881,-0.0064076208509504795,0.7274061441421509,0.3310003876686096,-0.015583820641040802,0.7253783345222473,0.28463876247406006,-0.021125277504324913,0.7210717797279358,0.2425771951675415,-0.025595806539058685
20250527_114508_514374,0,0.7380796670913696,0.6010034680366516,1.039223661791766e-06,0.7136016488075256,0.5871014595031738,-0.11308454722166061,0.7014139890670776,0.5207456350326538,-0.15747575461864471,0.6971137523651123,0.4515252113342285,-0.17941665649414062,0.6741926670074463,0.3707575798034668,-0.19796748459339142,0.6853199601173401,0.3842506408691406,-0.1015298068523407,0.6755456328392029,0.27256855368614197,-0.11597093194723129,0.671755313873291,0.1972549706697464,-0.12776564061641693,0.6699787974357605,0.13911882042884827,-0.1354471892118454,0.7057938575744629,0.37479090690612793,-0.04658704996109009,0.6872332096099854,0.2590038776397705,-0.05052885040640831,0.6774997711181641,0.18278826773166656,-0.057080600410699844,0.671359658241272,0.12898224592208862,-0.06319010257720947,0.7269681096076965,0.37704041600227356,0.00082194316200912,0.7096388936042786,0.2826255261898041,0.002626609755679965,0.7018020153045654,0.21530349552631378,-0.005108690820634365,0.6955002546310425,0.16125056147575378,-0.014171188697218895,0.7485913634300232,0.3860415518283844,0.037901341915130615,0.7450405955314636,0.31492963433265686,0.04015140235424042,0.7408528923988342,0.2662287652492523,0.033809859305620193,0.7375606894493103,0.22773237526416779,0.02633967623114586
20250527_114509_003950,0,0.7621806859970093,0.6288374662399292,8.823882922115445e-07,0.7222661375999451,0.6093560457229614,-0.0966249629855156,0.7036234736442566,0.5370118021965027,-0.13095735013484955,0.6996355652809143,0.4600105285644531,-0.1463664323091507,0.6715168952941895,0.3913562595844269,-0.15775513648986816,0.6908808946609497,0.40366071462631226,-0.0748361274600029,0.6809720396995544,0.29328954219818115,-0.08924737572669983,0.6758506894111633,0.22234393656253815,-0.10385282337665558,0.6732941269874573,0.16502872109413147,-0.11377209424972534,0.7174660563468933,0.3926926851272583,-0.030057931318879128,0.6998370289802551,0.27863624691963196,-0.033451586961746216,0.6893693804740906,0.2049252837896347,-0.040931858122348785,0.681388258934021,0.14859366416931152,-0.04807744920253754,0.7425057291984558,0.3971512019634247,0.006615903228521347,0.725029706954956,0.2997022271156311,0.005684704054147005,0.7134987115859985,0.23476748168468475,-0.0019888582173734903,0.7047502994537354,0.18153084814548492,-0.010183308273553848,0.7699788212776184,0.40800997614860535,0.03386247530579567,0.764218807220459,0.334124356508255,0.031762197613716125,0.7587482333183289,0.28525394201278687,0.024912036955356598,0.754176139831543,0.2420591562986374,0.01807403191924095
20250527_114509_670449,0,0.7496447563171387,0.6602269411087036,4.47668924152822e-07,0.6811221837997437,0.6358698606491089,-0.029766865074634552,0.6361056566238403,0.5714725852012634,-0.031178606674075127,0.6139490604400635,0.5067167282104492,-0.02956949733197689,0.582362949848175,0.47064799070358276,-0.02536129392683506,0.6507155299186707,0.4726138114929199,0.024541545659303665,0.632969319820404,0.3952871561050415,0.02683057077229023,0.6290130615234375,0.3503091633319855,0.017530333250761032,0.6251936554908752,0.30880245566368103,0.008283652365207672,0.6853306293487549,0.45490172505378723,0.03256778046488762,0.665454626083374,0.3735211491584778,0.04000482335686684,0.6569315791130066,0.3228868246078491,0.03181612119078636,0.6502548456192017,0.28240689635276794,0.022815721109509468,0.7154942154884338,0.4547174274921417,0.03348641097545624,0.6997461318969727,0.37874311208724976,0.037751320749521255,0.6912917494773865,0.3362947106361389,0.03513488546013832,0.6853267550468445,0.2983417510986328,0.030240312218666077,0.7527428865432739,0.4616332948207855,0.029486604034900665,0.7402739524841309,0.4009551405906677,0.03273465856909752,0.7318896651268005,0.3674481213092804,0.03475126624107361,0.7236108779907227,0.33288973569869995,0.0339428149163723
20250527_114510_178191,0,0.7345196008682251,0.7220762968063354,3.112769775270863e-07,0.6680299639701843,0.6941648721694946,-0.0186699777841568,0.6257103681564331,0.6202173829078674,-0.019915426149964333,0.6091240048408508,0.5516356229782104,-0.02056884579360485,0.5837157368659973,0.5088863372802734,-0.020017197355628014,0.6478487849235535,0.5139378309249878,0.011361205019056797,0.6366215348243713,0.42909902334213257,0.0016921829665079713,0.6349875926971436,0.37880003452301025,-0.012719893828034401,0.6344664096832275,0.3350070118904114,-0.02415059506893158,0.6833497285842896,0.4966663718223572,0.009818686172366142,0.6693081259727478,0.40545493364334106,0.00400178087875247,0.6642456650733948,0.34964513778686523,-0.008779005147516727,0.6596508026123047,0.3032539188861847,-0.019486835226416588,0.7154237031936646,0.49973243474960327,0.0032006017863750458,0.705390453338623,0.4144394099712372,-0.0046938518062233925,0.6998339891433716,0.3649720549583435,-0.011989685706794262,0.6954736709594727,0.32249587774276733,-0.01857420988380909,0.7521922588348389,0.5154495239257812,-0.006485796999186277,0.744007408618927,0.44824227690696716,-0.013998887501657009,0.7375830411911011,0.40792518854141235,-0.016065416857600212,0.7309222221374512,0.3686985373497009,-0.018285823985934258
20250527_114510_586546,0,0.7220022678375244,0.8099097013473511,3.283076068782975e-07,0.6569903492927551,0.7818088531494141,-0.021438341587781906,0.6141402721405029,0.7060854434967041,-0.026294177398085594,0.5968037247657776,0.6312381625175476,-0.030343391001224518,0.5709879994392395,0.5799647569656372,-0.033191170543432236,0.6364452838897705,0.5926299691200256,0.004626226145774126,0.6256019473075867,0.5086150169372559,-0.009152970276772976,0.6218864917755127,0.4562758505344391,-0.025269970297813416,0.6202100515365601,0.4076908230781555,-0.03813070058822632,0.6707996726036072,0.5765268802642822,0.0018797671655192971,0.6571652889251709,0.4832707643508911,-0.007832703180611134,0.6507574915885925,0.4252013564109802,-0.021596571430563927,0.6447063684463501,0.37205255031585693,-0.03296841308474541,0.7023617029190063,0.5826734900474548,-0.006139716133475304,0.6912206411361694,0.49501916766166687,-0.017931368201971054,0.6848463416099548,0.4419538974761963,-0.025916682556271553,0.6789056062698364,0.39399951696395874,-0.03286246955394745,0.738460898399353,0.6034948825836182,-0.017459608614444733,0.7316439747810364,0.5360668897628784,-0.028295887634158134,0.7265970706939697,0.4930785000324249,-0.031884532421827316,0.7204145193099976,0.4513612985610962,-0.035211823880672455
20250527_114515_472699,1,0.7220240235328674,0.5830146074295044,-5.067514621259761e-07,0.6634678244590759,0.582390308380127,-0.02284204214811325,0.6131216287612915,0.5176713466644287,-0.028396567329764366,0.591550350189209,0.44241732358932495,-0.0332636721432209,0.5851163864135742,0.3876410126686096,-0.03217846527695656,0.6252691745758057,0.4419015049934387,0.0025551519356667995,0.6208389401435852,0.3843056857585907,-0.02555515617132187,0.6352479457855225,0.443584144115448,-0.03722146525979042,0.6420283913612366,0.46863624453544617,-0.040694259107112885,0.6598111391067505,0.43216753005981445,0.0025496480520814657,0.6551731824874878,0.3777649402618408,-0.024989843368530273,0.664887547492981,0.4523525834083557,-0.027339493855834007,0.6661518812179565,0.4644484221935272,-0.0215911865234375,0.6934376358985901,0.43102481961250305,-0.004289818461984396,0.6920982003211975,0.38166502118110657,-0.03392939642071724,0.6959475874900818,0.45464035868644714,-0.022091098129749298,0.6951050162315369,0.4691145122051239,-0.0063252560794353485,0.7278178334236145,0.43306615948677063,-0.013517509214580059,0.7262927889823914,0.3996066153049469,-0.028627686202526093,0.7252894043922424,0.45127955079078674,-0.01811264455318451,0.723357617855072,0.46741336584091187,-0.0061226473189890385
20250527_114516_124324,1,0.7002059817314148,0.5960021615028381,-5.320404170561233e-07,0.6385063529014587,0.5976001024246216,-0.013651927933096886,0.589786171913147,0.5409078598022461,-0.01739719696342945,0.5659283995628357,0.4767276644706726,-0.023281248286366463,0.5537765622138977,0.4258003532886505,-0.024854525923728943,0.6045255064964294,0.46435192227363586,0.009644437581300735,0.5813877582550049,0.42026111483573914,-0.0159443486481905,0.5965077877044678,0.47677287459373474,-0.026736855506896973,0.6127519607543945,0.5021663308143616,-0.029107529670000076,0.6321381330490112,0.45150095224380493,0.006113540381193161,0.6100713014602661,0.4118441939353943,-0.01796572282910347,0.6241945624351501,0.47982123494148254,-0.018467770889401436,0.6398767828941345,0.49068936705589294,-0.011325899511575699,0.6637296676635742,0.4481297433376312,-0.003443341236561537,0.6411547660827637,0.4107883870601654,-0.029378021135926247,0.6517159938812256,0.47868525981903076,-0.016072530299425125,0.6662507653236389,0.4925200343132019,0.000717672286555171,0.6981756091117859,0.44891807436943054,-0.014788037165999413,0.6753467917442322,0.42590638995170593,-0.027092648670077324,0.6776632070541382,0.4737117290496826,-0.01510136853903532,0.688713788986206,0.48787203431129456,-0.0019135433249175549
20250527_114516_645872,1,0.6893904209136963,0.6007179021835327,-5.652147478940606e-07,0.6344972252845764,0.5991098284721375,-0.005124987103044987,0.5953262448310852,0.5440822243690491,-0.005595375318080187,0.5826395750045776,0.48390132188796997,-0.010240855626761913,0.5692760944366455,0.4406402111053467,-0.011754486709833145,0.6102632284164429,0.47320565581321716,0.016183320432901382,0.5824612379074097,0.43323424458503723,-0.009547343477606773,0.5897337794303894,0.4857032597064972,-0.020462946966290474,0.6066935062408447,0.51108717918396,-0.022246617823839188,0.6316090226173401,0.46319904923439026,0.009101870469748974,0.6008809804916382,0.42311859130859375,-0.019126717001199722,0.6104915738105774,0.4889243543148041,-0.022189129143953323,0.6315988898277283,0.5027590394020081,-0.014467805624008179,0.6575992703437805,0.45721063017845154,-0.0032876774203032255,0.6245405077934265,0.4246727228164673,-0.03327716886997223,0.6342450380325317,0.49147355556488037,-0.024231983348727226,0.6557278037071228,0.5066938996315002,-0.008138513192534447,0.6874810457229614,0.4537113606929779,-0.01647310145199299,0.6513470411300659,0.43867743015289307,-0.03451975807547569,0.656461775302887,0.4833640158176422,-0.027284640818834305,0.6763550639152527,0.49568140506744385,-0.015556872822344303
20250527_114517_212588,1,0.7086389064788818,0.6157655715942383,-5.926947324041976e-07,0.653072714805603,0.5753504037857056,0.009726758114993572,0.6407398581504822,0.5237618684768677,0.011162473820149899,0.6360787749290466,0.4800459146499634,0.004595768637955189,0.6315551996231079,0.4417800009250641,0.00017263075278606266,0.6758682727813721,0.44447341561317444,0.03453464061021805,0.6242019534111023,0.43391644954681396,0.00946926511824131,0.6289132237434387,0.4785131514072418,-0.008506475947797298,0.652661144733429,0.5028901100158691,-0.01613507606089115,0.687716543674469,0.4358711838722229,0.01964939944446087,0.6215823292732239,0.431341290473938,-0.008723141625523567,0.6299183368682861,0.4876594543457031,-0.019631829112768173,0.6573383808135986,0.505569577217102,-0.01842992566525936,0.6997929215431213,0.43148064613342285,0.0006787055754102767,0.628203809261322,0.43243977427482605,-0.02435067854821682,0.6369186043739319,0.49044010043144226,-0.019768616184592247,0.6655301451683044,0.5039604902267456,-0.008418534882366657,0.7104521989822388,0.43696409463882446,-0.018871689215302467,0.6481706500053406,0.44642505049705505,-0.03222449868917465,0.6516733169555664,0.48715436458587646,-0.026507439091801643,0.6762276887893677,0.498569130897522,-0.016666229814291
20250527_114517_629514,1,0.7082763910293579,0.6283332109451294,-5.697971232621057e-07,0.6573723554611206,0.5823368430137634,0.009890303015708923,0.6437841057777405,0.523663341999054,0.011341515928506851,0.6382882595062256,0.48070254921913147,0.0068707652390003204,0.6327056884765625,0.4472197890281677,0.006125493440777063,0.69711834192276,0.43790939450263977,0.02553682029247284,0.62254798412323,0.431987464427948,0.0037066750228405,0.6283640265464783,0.48212358355522156,-0.012849192135035992,0.6525131464004517,0.4947742223739624,-0.02261781133711338,0.7050971984863281,0.43250975012779236,0.010253682732582092,0.6163309812545776,0.43144312500953674,-0.011997401714324951,0.6252731084823608,0.4886843264102936,-0.017014306038618088,0.6526853442192078,0.4999137222766876,-0.01620999351143837,0.7061206102371216,0.4366929233074188,-0.008435279130935669,0.6170762181282043,0.4355757236480713,-0.026565270498394966,0.6269139051437378,0.4942508935928345,-0.016230151057243347,0.6552597880363464,0.5071602463722229,-0.006387017667293549,0.7018568515777588,0.4506707191467285,-0.028417812660336494,0.6287553310394287,0.4612429440021515,-0.04318571463227272,0.6376161575317383,0.5040254592895508,-0.03944612294435501,0.6644530892372131,0.5153919458389282,-0.03287588432431221
20250527_114518_192409,1,0.7129344940185547,0.5857627391815186,-5.811370442643238e-07,0.6506831645965576,0.5776729583740234,-0.009474003687500954,0.6067081093788147,0.5111407041549683,-0.011011474765837193,0.590316116809845,0.44886043667793274,-0.015515567734837532,0.5752767324447632,0.40322327613830566,-0.015183284878730774,0.6244791150093079,0.4262765944004059,0.013973825611174107,0.5872339606285095,0.39708584547042847,-0.013478687033057213,0.59859699010849,0.4568940997123718,-0.024253712967038155,0.6176773309707642,0.4773789346218109,-0.02607954479753971,0.6512880921363831,0.4160000681877136,0.008106446824967861,0.61086106300354,0.3932303488254547,-0.020950084552168846,0.6231012940406799,0.4631800353527069,-0.021393317729234695,0.6448294520378113,0.46679815649986267,-0.012209808453917503,0.680797815322876,0.41522330045700073,-0.004018435254693031,0.6413964629173279,0.40291231870651245,-0.035273946821689606,0.6524056196212769,0.471868634223938,-0.02328917384147644,0.6738565564155579,0.4736100137233734,-0.0056129274889826775,0.710949182510376,0.41974741220474243,-0.0175581406801939,0.6716623902320862,0.417422890663147,-0.03474327176809311,0.6757578253746033,0.46554383635520935,-0.0254345890134573,0.695083737373352,0.46939608454704285,-0.01266983337700367
20250527_114518_684475,1,0.7240191102027893,0.5625242590904236,-5.47900413039315e-07,0.6664721369743347,0.5844947695732117,-0.024626130238175392,0.6016077995300293,0.535865843296051,-0.030772272497415543,0.5673732757568359,0.4671453833580017,-0.03651922196149826,0.5533588528633118,0.4145616888999939,-0.0360872820019722,0.6046420931816101,0.44635510444641113,0.0031469420064240694,0.585675060749054,0.39797520637512207,-0.026686755940318108,0.6080202460289001,0.45516523718833923,-0.038197215646505356,0.6204694509506226,0.47427910566329956,-0.04117301106452942,0.6363458037376404,0.42777347564697266,0.003192045260220766,0.6189416646957397,0.3829013705253601,-0.026568884029984474,0.6404641270637512,0.45766711235046387,-0.027603236958384514,0.6463540196418762,0.4618627429008484,-0.019653407856822014,0.6698817014694214,0.41816431283950806,-0.004394711926579475,0.6562532782554626,0.37671521306037903,-0.03704111650586128,0.6720845699310303,0.4503835141658783,-0.02397085726261139,0.6767247319221497,0.45765891671180725,-0.006207744590938091,0.7054315805435181,0.41011327505111694,-0.014597203582525253,0.6939997673034668,0.38666149973869324,-0.03174276277422905,0.7017014622688293,0.44027864933013916,-0.021006789058446884,0.7063741087913513,0.45072248578071594,-0.008092589676380157
20250527_114519_260872,1,0.7102384567260742,0.5781405568122864,-4.59305340427818e-07,0.6514944434165955,0.5804244875907898,-0.03509856387972832,0.6004759669303894,0.5154851675033569,-0.04614704102277756,0.5803242921829224,0.43546029925346375,-0.05478311702609062,0.5735882520675659,0.3757675290107727,-0.055670421570539474,0.6061094403266907,0.4196876287460327,0.0019162639509886503,0.6112353801727295,0.3671906590461731,-0.03019915148615837,0.6236954927444458,0.42939627170562744,-0.04327348992228508,0.6237594485282898,0.45212286710739136,-0.04710175096988678,0.6401156187057495,0.4110506772994995,0.00637576961889863,0.6489588022232056,0.3598633110523224,-0.026647713035345078,0.6573139429092407,0.44126927852630615,-0.02939535677433014,0.6474616527557373,0.4475495517253876,-0.022041302174329758,0.6735230088233948,0.4127620756626129,0.0016800296725705266,0.6854333281517029,0.3716079294681549,-0.03349864482879639,0.6874454617500305,0.44286105036735535,-0.02377874031662941,0.6752445697784424,0.4484446942806244,-0.008329631760716438,0.7081927061080933,0.41838905215263367,-0.006540648173540831,0.7157501578330994,0.38675379753112793,-0.025615226477384567,0.714986264705658,0.43778786063194275,-0.017372632399201393,0.7051144242286682,0.449577659368515,-0.006049311254173517
20250527_114519_698360,1,0.7009913921356201,0.5673887729644775,-3.4328792253290885e-07,0.6489807963371277,0.5661383867263794,-0.054308198392391205,0.6102604866027832,0.4914507567882538,-0.07182895392179489,0.6055189967155457,0.40877723693847656,-0.08139015734195709,0.6143076419830322,0.343435138463974,-0.08168260753154755,0.6098752617835999,0.38472995162010193,-0.01992824114859104,0.6406071186065674,0.34473323822021484,-0.058758996427059174,0.6470299363136292,0.4100312292575836,-0.07626330852508545,0.6385226249694824,0.4300484359264374,-0.08392670750617981,0.6445395946502686,0.37314364314079285,-0.006331890355795622,0.6778656840324402,0.3355095088481903,-0.05194322392344475,0.6775579452514648,0.4185521900653839,-0.060010600835084915,0.6638335585594177,0.42901358008384705,-0.05497534200549126,0.6786478757858276,0.37454599142074585,-0.0026363148353993893,0.7112489938735962,0.3485984206199646,-0.04821150749921799,0.7055633068084717,0.42543286085128784,-0.039968930184841156,0.6893781423568726,0.4318190813064575,-0.02383541502058506,0.71368408203125,0.38269445300102234,-0.0037897685542702675,0.7360240817070007,0.36633938550949097,-0.032652657479047775,0.7309924364089966,0.42194414138793945,-0.028415018692612648,0.7154713869094849,0.4280683100223541,-0.018169669434428215
20250527_114520_194193,1,0.7191585302352905,0.554741621017456,-8.195609524364045e-08,0.6791142225265503,0.5228285789489746,-0.073386050760746,0.6575376391410828,0.4524396061897278,-0.1007995679974556,0.6663267612457275,0.3690201938152313,-0.11759540438652039,0.675871729850769,0.2955074608325958,-0.12434560060501099,0.6331299543380737,0.35520607233047485,-0.027757862582802773,0.6712480187416077,0.3089408874511719,-0.08444030582904816,0.687541127204895,0.3694133162498474,-0.11665672063827515,0.6926499605178833,0.40579330921173096,-0.12827813625335693,0.6718026995658875,0.34894031286239624,-0.004124558065086603,0.714174747467041,0.2954387962818146,-0.06538408994674683,0.7190757393836975,0.37478107213974,-0.08353054523468018,0.7082886695861816,0.4047209322452545,-0.07959502935409546,0.7085302472114563,0.35034337639808655,0.006279833614826202,0.7486318945884705,0.31175437569618225,-0.05217041075229645,0.7432048320770264,0.3871617317199707,-0.05153046175837517,0.7251929044723511,0.40762075781822205,-0.03429647162556648,0.7399945259094238,0.3565981686115265,0.010441835038363934,0.7722498178482056,0.3361196517944336,-0.025499138981103897,0.7643260955810547,0.38987961411476135,-0.026184378191828728,0.7444487810134888,0.40446937084198,-0.015722239390015602
20250527_114520_686876,1,0.7216801047325134,0.5512351989746094,-4.1173910858560703e-07,0.6649075746536255,0.542068600654602,-0.03869136422872543,0.6204938888549805,0.4684084355831146,-0.05266301706433296,0.6076180934906006,0.38412898778915405,-0.06299449503421783,0.6085365414619446,0.32310962677001953,-0.06522956490516663,0.6320497989654541,0.3702582120895386,-0.007799320854246616,0.6512764692306519,0.3174123764038086,-0.044584862887859344,0.6576624512672424,0.3808876574039459,-0.05995090305805206,0.6512589454650879,0.4119909107685089,-0.06435023993253708,0.6665412783622742,0.36800482869148254,-0.001960029359906912,0.689352810382843,0.3188726305961609,-0.039936382323503494,0.68988436460495,0.39789578318595886,-0.04511034116148949,0.6753043532371521,0.4090854227542877,-0.03899756819009781,0.7004125118255615,0.3728523552417755,-0.004913861397653818,0.7236579060554504,0.33390188217163086,-0.04352303594350815,0.7188713550567627,0.4055274426937103,-0.034034211188554764,0.7014378905296326,0.41598573327064514,-0.018130037933588028,0.7341541051864624,0.3824819028377533,-0.011553256772458553,0.7509642243385315,0.3563113212585449,-0.03396717458963394,0.7466791272163391,0.4089846611022949,-0.026666000485420227,0.731853723526001,0.42229679226875305,-0.015246405266225338
20250527_114521_191796,1,0.7074843645095825,0.588265061378479,-6.079130798752885e-07,0.6444277763366699,0.6017686724662781,-0.016752168536186218,0.5871936082839966,0.5418403148651123,-0.02029203623533249,0.5603233575820923,0.4679834246635437,-0.025203019380569458,0.5468648672103882,0.4148012697696686,-0.025028035044670105,0.5996494889259338,0.4546067714691162,0.0064579881727695465,0.5778909921646118,0.4020131230354309,-0.02177612856030464,0.5927107334136963,0.4617278277873993,-0.032841868698596954,0.6071935296058655,0.48839032649993896,-0.035198718309402466,0.630402684211731,0.43909329175949097,0.003208029316738248,0.6101189851760864,0.39338597655296326,-0.023580234497785568,0.6237571239471436,0.46659964323043823,-0.023763492703437805,0.6361900568008423,0.4765234589576721,-0.01629169099032879,0.664055585861206,0.4341515302658081,-0.006662292871624231,0.6436797976493835,0.3919925391674042,-0.03622972220182419,0.6542226076126099,0.4667508006095886,-0.021716587245464325,0.6662557125091553,0.4805489182472229,-0.0037679863162338734,0.7007095217704773,0.43301233649253845,-0.01857224851846695,0.679710865020752,0.408333957195282,-0.033678412437438965,0.6826207637786865,0.46245622634887695,-0.021527519449591637,0.692233145236969,0.4775993824005127,-0.008027568459510803
20250527_114521_610029,1,0.705737829208374,0.6047499775886536,-5.970076131234237e-07,0.6461207270622253,0.6215860843658447,-0.015706853941082954,0.5880232453346252,0.5643998980522156,-0.018537374213337898,0.5625091195106506,0.48967987298965454,-0.022591697052121162,0.545924186706543,0.4396134912967682,-0.021765435114502907,0.5984365940093994,0.4797031879425049,0.004754756577312946,0.5752112865447998,0.4238698482513428,-0.02324650250375271,0.5888896584510803,0.48346999287605286,-0.03461255133152008,0.6052693128585815,0.5148935914039612,-0.03696335852146149,0.6276403665542603,0.4633294343948364,0.0020091768819838762,0.6044324636459351,0.4116528332233429,-0.027335546910762787,0.6194323301315308,0.48599210381507874,-0.030228057876229286,0.6361426711082458,0.5037540197372437,-0.023493893444538116,0.6601405739784241,0.4564092755317688,-0.0065190671011805534,0.63670414686203,0.4093555212020874,-0.03614228963851929,0.6496498584747314,0.4849860668182373,-0.022586388513445854,0.6656455993652344,0.5060250163078308,-0.0045864819549024105,0.6959076523780823,0.4506088197231293,-0.0168843325227499,0.671454668045044,0.42780959606170654,-0.031877532601356506,0.6765567660331726,0.480214923620224,-0.020421775057911873,0.6877281665802002,0.49557244777679443,-0.006991349160671234
20250527_114522_114980,1,0.7011632919311523,0.6179787516593933,-5.835600518366846e-07,0.6420946717262268,0.6314496397972107,-0.01295935083180666,0.5895437002182007,0.5735567808151245,-0.01447812095284462,0.5678579211235046,0.5005436539649963,-0.017605099827051163,0.5522729754447937,0.45303136110305786,-0.016396233811974525,0.6015936732292175,0.4979512393474579,0.006753966212272644,0.5809592008590698,0.44330134987831116,-0.019367853179574013,0.5938563346862793,0.49964743852615356,-0.030269792303442955,0.6093207001686096,0.5293222665786743,-0.03256593644618988,0.6299382448196411,0.4830295443534851,0.0035603756550699472,0.6082468032836914,0.4326930344104767,-0.023654576390981674,0.62189120054245,0.50328528881073,-0.02634291723370552,0.6387448906898499,0.5214641094207764,-0.020032217726111412,0.6609100103378296,0.4764472246170044,-0.005050473380833864,0.6384774446487427,0.4295770525932312,-0.03231725096702576,0.6492416858673096,0.5017529129981995,-0.01931062713265419,0.6647542119026184,0.5239375233650208,-0.0022549121640622616,0.6947669386863708,0.47084060311317444,-0.015314685180783272,0.6714752912521362,0.44653579592704773,-0.028444400057196617,0.6749286651611328,0.4966876804828644,-0.017155349254608154,0.6857196688652039,0.5137317776679993,-0.004324458539485931
20250527_114522_526528,1,0.7104649543762207,0.620112419128418,-5.96014274378831e-07,0.6496317386627197,0.6284052729606628,-0.015013737604022026,0.5976414680480957,0.5665398836135864,-0.017498193308711052,0.5769599676132202,0.4938009977340698,-0.021549364551901817,0.564350426197052,0.4435282051563263,-0.020873645320534706,0.6138096451759338,0.48667195439338684,0.007348995190113783,0.5923711657524109,0.43438082933425903,-0.01908365823328495,0.6041808724403381,0.4952678084373474,-0.02966371551156044,0.6196864247322083,0.5243228077888489,-0.03168385475873947,0.6434321403503418,0.4741774797439575,0.004711170680820942,0.6215498447418213,0.4262782335281372,-0.02229788713157177,0.6333197355270386,0.5012872219085693,-0.023940544575452805,0.6506391763687134,0.5168842077255249,-0.016677778214216232,0.6756031513214111,0.4708428978919983,-0.0038953584153205156,0.6534096598625183,0.4255101680755615,-0.031881362199783325,0.6620323061943054,0.5008806586265564,-0.018311074003577232,0.6780692338943481,0.5207659602165222,-0.0005427240394055843,0.7107709646224976,0.46858689188957214,-0.014337463304400444,0.6872371435165405,0.44329431653022766,-0.028210705146193504,0.6888742446899414,0.49403896927833557,-0.016717730090022087,0.7007494568824768,0.5093029141426086,-0.003393135964870453
20250527_114525_362134,2,0.7774996161460876,0.7203167676925659,7.527374350502214e-07,0.7344518899917603,0.675571620464325,-0.027325687929987907,0.718980610370636,0.5962057709693909,-0.041907861828804016,0.7580354809761047,0.5318384170532227,-0.05670426785945892,0.79861980676651,0.49205201864242554,-0.07009617239236832,0.7007619738578796,0.4988827705383301,-0.02405828796327114,0.6731768846511841,0.40985631942749023,-0.046376507729291916,0.6580871343612671,0.3533475995063782,-0.05995280295610428,0.6471611261367798,0.30579736828804016,-0.06887008994817734,0.7459916472434998,0.4942617118358612,-0.028584245592355728,0.7584809064865112,0.386605441570282,-0.05303730443120003,0.7695233225822449,0.3236457407474518,-0.0671692043542862,0.7824510931968689,0.2686010003089905,-0.07328682392835617,0.7854138612747192,0.5195454955101013,-0.03634088486433029,0.8046441674232483,0.472576379776001,-0.07160264998674393,0.7836483716964722,0.5401774048805237,-0.0724467933177948,0.7711982131004333,0.5819910168647766,-0.06238634139299393,0.8162809610366821,0.5616885423660278,-0.04622231051325798,0.8219844102859497,0.528930127620697,-0.07408900558948517,0.8051382899284363,0.5751791596412659,-0.0687132254242897,0.7947289347648621,0.6073610782623291,-0.057479262351989746
20250527_114525_945914,2,0.7684406638145447,0.7240080833435059,6.88823433847574e-07,0.7233849167823792,0.6819733381271362,-0.02010306902229786,0.70371413230896,0.5985159277915955,-0.03195429965853691,0.7401635050773621,0.5373930335044861,-0.04567313939332962,0.781801700592041,0.5068507194519043,-0.059122130274772644,0.7018676400184631,0.5030779838562012,-0.02268068678677082,0.6750301718711853,0.41260936856269836,-0.04404392093420029,0.6600348353385925,0.3567062020301819,-0.05609341710805893,0.6493232846260071,0.3097652494907379,-0.06422746926546097,0.7456036806106567,0.5033566355705261,-0.031181007623672485,0.7593467235565186,0.39197373390197754,-0.05537906289100647,0.7690286040306091,0.32787394523620605,-0.06935515999794006,0.7813442349433899,0.2722763121128082,-0.0757092610001564,0.782248854637146,0.5320106744766235,-0.04188903793692589,0.7968524694442749,0.47992682456970215,-0.07670807838439941,0.771242082118988,0.5463420748710632,-0.07847955077886581,0.7578530311584473,0.588933527469635,-0.06955768913030624,0.8107184767723083,0.5751876831054688,-0.053951699286699295,0.8069851994514465,0.5477260947227478,-0.08186160027980804,0.785718560218811,0.5936250686645508,-0.07778162509202957,0.7754790186882019,0.625544548034668,-0.0680200457572937
20250527_114526_442920,2,0.7555198073387146,0.7257183790206909,5.706559136342548e-07,0.7111107110977173,0.6890560388565063,-0.01721787638962269,0.686313807964325,0.6031990647315979,-0.025939540937542915,0.7176070809364319,0.5388668179512024,-0.036745112389326096,0.7580158710479736,0.5080615878105164,-0.047426555305719376,0.6982646584510803,0.5116735100746155,-0.016750171780586243,0.6715088486671448,0.42240190505981445,-0.035289864987134933,0.6570510268211365,0.3686586022377014,-0.04483262076973915,0.6463776230812073,0.3226912021636963,-0.05115683376789093,0.7398539781570435,0.5113756060600281,-0.025335706770420074,0.7500117421150208,0.39746320247650146,-0.046877242624759674,0.7561035752296448,0.33201712369918823,-0.059322770684957504,0.7652727365493774,0.27746960520744324,-0.06450913101434708,0.7744729518890381,0.5387845635414124,-0.03606473281979561,0.7737014293670654,0.4832007586956024,-0.07126405835151672,0.7511518001556396,0.5480343699455261,-0.07391078025102615,0.7433459162712097,0.5920450687408447,-0.06497360020875931,0.801156222820282,0.5799074769020081,-0.04759102687239647,0.7807904481887817,0.5501505136489868,-0.07731390744447708,0.7604770064353943,0.6003164052963257,-0.07421927154064178,0.7556611895561218,0.6364371180534363,-0.06475497782230377
20250527_114526_936690,2,0.743286669254303,0.725935161113739,4.7349809051411285e-07,0.6960445046424866,0.6872273683547974,-0.014756366610527039,0.6684167385101318,0.6050142049789429,-0.02241024188697338,0.6891054511070251,0.5475521683692932,-0.032848749309778214,0.726798951625824,0.522407054901123,-0.043100468814373016,0.7009937167167664,0.5112179517745972,-0.011359135620296001,0.679438054561615,0.42392241954803467,-0.028734024614095688,0.6659397482872009,0.3706512451171875,-0.03758695349097252,0.6571588516235352,0.3262602686882019,-0.04313208535313606,0.7411291599273682,0.5114678740501404,-0.02054532617330551,0.7497027516365051,0.40550118684768677,-0.041370466351509094,0.7465977072715759,0.3419188857078552,-0.05396006256341934,0.7472251057624817,0.29076701402664185,-0.058848123997449875,0.7732294797897339,0.5366787314414978,-0.03195330500602722,0.7466009259223938,0.49623435735702515,-0.06547042727470398,0.7223550081253052,0.5530683398246765,-0.07023894041776657,0.7190869450569153,0.5943238735198975,-0.06290476024150848,0.7936368584632874,0.5750859379768372,-0.044214822351932526,0.7514541745185852,0.5593420267105103,-0.07202590256929398,0.7302619814872742,0.6071124076843262,-0.07143406569957733,0.7304534912109375,0.643626868724823,-0.06397058814764023
20250527_114527_432701,2,0.7448407411575317,0.7339179515838623,4.536452138381719e-07,0.6973766684532166,0.697858452796936,-0.0160041693598032,0.6662457585334778,0.6240376234054565,-0.02743479236960411,0.6695897579193115,0.5646159052848816,-0.04162826016545296,0.7021420001983643,0.5301563739776611,-0.054534077644348145,0.7070320844650269,0.5229014754295349,-0.013869374059140682,0.687425971031189,0.4338429570198059,-0.03496042639017105,0.674027681350708,0.3805970847606659,-0.044919777661561966,0.6668413281440735,0.3365249037742615,-0.050440624356269836,0.7448083162307739,0.5220070481300354,-0.023273825645446777,0.7446223497390747,0.4165785312652588,-0.04889082908630371,0.7359612584114075,0.3536008894443512,-0.06250997632741928,0.7322490215301514,0.3015015125274658,-0.06692563742399216,0.7729831337928772,0.5421260595321655,-0.035110749304294586,0.7246344685554504,0.5118376016616821,-0.07192083448171616,0.7039685249328613,0.5696803331375122,-0.07554996758699417,0.7064319849014282,0.6085411906242371,-0.06654651463031769,0.7850193977355957,0.5734691023826599,-0.04807213321328163,0.724807858467102,0.5769737362861633,-0.07741963863372803,0.7093050479888916,0.6250462532043457,-0.07833605259656906,0.7168834805488586,0.6563230752944946,-0.07139633595943451
20250527_114527_853688,2,0.7414017915725708,0.7390715479850769,4.61602496670821e-07,0.6906805038452148,0.7004475593566895,-0.015305590815842152,0.6593629717826843,0.6299757957458496,-0.0282757505774498,0.6571043729782104,0.5716840028762817,-0.044490255415439606,0.688018262386322,0.536334216594696,-0.059052035212516785,0.7037787437438965,0.5258745551109314,-0.012818657793104649,0.6846895813941956,0.44027185440063477,-0.035302966833114624,0.6709969639778137,0.38832002878189087,-0.04694913327693939,0.6636443138122559,0.345156729221344,-0.05368507653474808,0.7402533292770386,0.5253846645355225,-0.023417504504323006,0.737482488155365,0.4234265387058258,-0.05086306482553482,0.7254154682159424,0.3616297245025635,-0.06571929901838303,0.7179923057556152,0.310271680355072,-0.07086893171072006,0.7666134238243103,0.5447714328765869,-0.03648180887103081,0.711027979850769,0.518390953540802,-0.07324486970901489,0.6920271515846252,0.5755255222320557,-0.07531523704528809,0.6963667869567871,0.6118868589401245,-0.06532701849937439,0.7755724787712097,0.5759480595588684,-0.050883594900369644,0.7117859125137329,0.5789710879325867,-0.07867813110351562,0.6986681222915649,0.6264127492904663,-0.07785473018884659,0.7084380388259888,0.6562933921813965,-0.0698210820555687
20250527_114528_606859,2,0.7575674057006836,0.7427538633346558,5.22409663972212e-07,0.6984584927558899,0.6908988952636719,-0.012848501093685627,0.6725939512252808,0.6207441091537476,-0.025957996025681496,0.6627469062805176,0.5678855180740356,-0.04415071755647659,0.6865795850753784,0.5362906455993652,-0.059565115720033646,0.7298908829689026,0.5182531476020813,-0.005568719003349543,0.7166745066642761,0.4322850704193115,-0.029417622834444046,0.7078103423118591,0.376875638961792,-0.04418780654668808,0.703467607498169,0.33056288957595825,-0.05461945757269859,0.7622483968734741,0.5216408371925354,-0.02023581974208355,0.7554320096969604,0.4251854717731476,-0.05105682089924812,0.740941047668457,0.3628786504268646,-0.06985156238079071,0.7306967973709106,0.3112681210041046,-0.07893591374158859,0.7823317050933838,0.5442072153091431,-0.03778648376464844,0.7119001150131226,0.5164201259613037,-0.07281515747308731,0.6981111168861389,0.5738129615783691,-0.07030371576547623,0.7090769410133362,0.605481743812561,-0.05931376293301582,0.7844492793083191,0.5799443125724792,-0.057713769376277924,0.7103517651557922,0.5835743546485901,-0.08314534276723862,0.7001139521598816,0.6285076141357422,-0.08041808754205704,0.7137619256973267,0.6520546674728394,-0.07256396114826202
20250527_114529_031110,2,0.7622714042663574,0.7407070398330688,5.341185556062555e-07,0.7010729312896729,0.6864044666290283,-0.013067778199911118,0.6764447689056396,0.615431010723114,-0.026760345324873924,0.6662383079528809,0.5613303184509277,-0.045697227120399475,0.6862725019454956,0.5320377945899963,-0.0616912804543972,0.736545979976654,0.5115611553192139,-0.006653825286775827,0.7235658168792725,0.4272249639034271,-0.03175407648086548,0.7140727043151855,0.3714408874511719,-0.0474139042198658,0.7091642022132874,0.32549601793289185,-0.058638233691453934,0.7687158584594727,0.5155656933784485,-0.02184964157640934,0.7612900137901306,0.41893470287323,-0.05506677180528641,0.7447482347488403,0.35587039589881897,-0.07490408420562744,0.7334029078483582,0.30492061376571655,-0.0843614712357521,0.7875330448150635,0.5397989749908447,-0.039916399866342545,0.714249849319458,0.5122758746147156,-0.07541597634553909,0.6999077796936035,0.5694581270217896,-0.07185563445091248,0.7114561200141907,0.6014408469200134,-0.06005540490150452,0.7881847023963928,0.5770108103752136,-0.06061399728059769,0.7126444578170776,0.5809652209281921,-0.08486229181289673,0.7016211748123169,0.6234097480773926,-0.08111227303743362,0.7147226929664612,0.6457324028015137,-0.07271632552146912
20250527_114529_610985,2,0.7355329990386963,0.7207447290420532,5.173359909349529e-07,0.6863674521446228,0.6917058229446411,-0.014521824195981026,0.6510244607925415,0.6134417057037354,-0.021483225747942924,0.6728135347366333,0.552086591720581,-0.03109562024474144,0.7073458433151245,0.5167215466499329,-0.04067882522940636,0.6646642684936523,0.5165131092071533,-0.01141146756708622,0.6316249966621399,0.4319901466369629,-0.027881164103746414,0.6128053069114685,0.3807675540447235,-0.036394961178302765,0.5988160967826843,0.3367421627044678,-0.042118266224861145,0.7048884034156799,0.5089086294174194,-0.020548202097415924,0.7061917185783386,0.3986676335334778,-0.040170006453990936,0.7026928663253784,0.33395063877105713,-0.05221013352274895,0.7019684910774231,0.2807067036628723,-0.05715266615152359,0.739784300327301,0.5293585062026978,-0.03187872841954231,0.7221081256866455,0.47981759905815125,-0.06582575291395187,0.7054646015167236,0.5436795949935913,-0.07031842321157455,0.703863799571991,0.5876924395561218,-0.06292380392551422,0.7665040493011475,0.5651420950889587,-0.04381914809346199,0.7344483137130737,0.5463789105415344,-0.07401395589113235,0.7178157567977905,0.600040078163147,-0.07331548631191254,0.7180503606796265,0.6385027766227722,-0.0654735118150711
20250527_114530_023705,2,0.7471699714660645,0.7175687551498413,6.456752430494817e-07,0.7024626731872559,0.684686541557312,-0.01959165744483471,0.6765413284301758,0.6035654544830322,-0.030362974852323532,0.7066106796264648,0.5376555323600769,-0.04287079721689224,0.7460115551948547,0.5021629333496094,-0.05496897175908089,0.6739275455474854,0.5046936273574829,-0.020502766594290733,0.6426705718040466,0.41811859607696533,-0.040712494403123856,0.6250092387199402,0.3648177981376648,-0.05214475467801094,0.6119346022605896,0.31894975900650024,-0.060165632516145706,0.7146843671798706,0.5005404949188232,-0.028325717896223068,0.7214081287384033,0.38977763056755066,-0.05130179226398468,0.727652907371521,0.3263258934020996,-0.06456206738948822,0.7370033860206604,0.2709881365299225,-0.07070077210664749,0.7499993443489075,0.5246387124061584,-0.038369908928871155,0.75893235206604,0.471577525138855,-0.07239873707294464,0.7371149063110352,0.5415751934051514,-0.07358687371015549,0.7262125015258789,0.5857720971107483,-0.06454448401927948,0.7791686654090881,0.5634312629699707,-0.04977545887231827,0.7707479000091553,0.5384879112243652,-0.07849214226007462,0.7526083588600159,0.5901694893836975,-0.07513896375894547,0.7447709441184998,0.6244043707847595,-0.06587287038564682
20250527_114530_514581,2,0.7674884796142578,0.7008795738220215,7.678545443923213e-07,0.723314106464386,0.6603520512580872,-0.03310392051935196,0.7096771001815796,0.5846356749534607,-0.04880096763372421,0.751459538936615,0.5192140340805054,-0.06324340403079987,0.7886565327644348,0.4775457978248596,-0.07582015544176102,0.6841974258422852,0.4857332110404968,-0.024789761751890182,0.6572986841201782,0.3966851234436035,-0.04756401851773262,0.6420693397521973,0.33941978216171265,-0.062457069754600525,0.6302574872970581,0.29160624742507935,-0.0722498893737793,0.7287482023239136,0.47782209515571594,-0.026289518922567368,0.7329771518707275,0.37454918026924133,-0.05079114809632301,0.7416170835494995,0.31311196088790894,-0.06487489491701126,0.7501596808433533,0.25825417041778564,-0.07096587866544724,0.767246425151825,0.5003688931465149,-0.03209332004189491,0.7906045913696289,0.45296382904052734,-0.06887367367744446,0.778388500213623,0.5214300155639648,-0.07097185403108597,0.7662355303764343,0.5650496482849121,-0.06144755333662033,0.7974182963371277,0.5400906801223755,-0.040567997843027115,0.8117184638977051,0.5057404041290283,-0.07073286920785904,0.8009243011474609,0.5542730689048767,-0.06713876873254776,0.788807213306427,0.5884450674057007,-0.056912560015916824
20250527_114531_098075,2,0.8018545508384705,0.6866394281387329,7.929091339065053e-07,0.7664536237716675,0.6448206901550293,-0.05341484397649765,0.7629908323287964,0.5673817992210388,-0.06962694227695465,0.8070672154426575,0.5001132488250732,-0.07864375412464142,0.8425697088241577,0.4546035826206207,-0.0837208479642868,0.7226747870445251,0.4688337743282318,-0.035473935306072235,0.7010539770126343,0.36903631687164307,-0.056797873228788376,0.6896114945411682,0.30553993582725525,-0.06878801435232162,0.6798025369644165,0.25337058305740356,-0.07533210515975952,0.7636382579803467,0.4562210440635681,-0.023448608815670013,0.7645361423492432,0.3489411771297455,-0.04480716213583946,0.7745331525802612,0.2882269322872162,-0.05406533181667328,0.7832847833633423,0.23929138481616974,-0.05555158481001854,0.7997334599494934,0.4716440737247467,-0.01867702417075634,0.8318732976913452,0.43831443786621094,-0.0562627874314785,0.825372040271759,0.5040651559829712,-0.06418705731630325,0.8099995255470276,0.5389708280563354,-0.05711415037512779,0.829862654209137,0.501483678817749,-0.018154291436076164,0.8564144372940063,0.4733407199382782,-0.04918977618217468,0.8476271033287048,0.5239959955215454,-0.05243817716836929,0.8286638259887695,0.556269109249115,-0.04712521284818649
20250527_114531_669354,2,0.8049217462539673,0.6829286217689514,8.03240482127876e-07,0.7694472074508667,0.6375735402107239,-0.05297302082180977,0.7646947503089905,0.558811604976654,-0.06794892251491547,0.8085423707962036,0.48916715383529663,-0.07600943744182587,0.8427689075469971,0.44026440382003784,-0.08023055642843246,0.7244895696640015,0.4639917314052582,-0.02992165833711624,0.705534815788269,0.3656195402145386,-0.04987270385026932,0.6960696578025818,0.30213236808776855,-0.06264511495828629,0.6888333559036255,0.24927465617656708,-0.070049948990345,0.7656201720237732,0.4521111845970154,-0.01768377423286438,0.7649247050285339,0.3459867238998413,-0.03647903352975845,0.7723666429519653,0.28376123309135437,-0.046357639133930206,0.7794853448867798,0.23102056980133057,-0.04936204105615616,0.8013415336608887,0.46854332089424133,-0.0130594028159976,0.833242654800415,0.42636793851852417,-0.048304229974746704,0.8282687067985535,0.49139484763145447,-0.05593157187104225,0.8142938017845154,0.527698814868927,-0.04930935427546501,0.8311020731925964,0.49950557947158813,-0.012778228148818016,0.8556879162788391,0.46109336614608765,-0.04137476161122322,0.8493431806564331,0.5070555210113525,-0.043533794581890106,0.8327869176864624,0.5385329127311707,-0.03798631206154823
20250527_114532_158005,2,0.7535358667373657,0.699731707572937,6.509129093501542e-07,0.7097505927085876,0.6618064641952515,-0.022476274520158768,0.6929097771644592,0.5823053121566772,-0.03452117368578911,0.7289667129516602,0.5217629671096802,-0.04745399206876755,0.7677389979362488,0.4906911551952362,-0.0599701888859272,0.6918779611587524,0.491336852312088,-0.024129198864102364,0.6675472259521484,0.4032672643661499,-0.04474455118179321,0.6539559364318848,0.34781914949417114,-0.056125711649656296,0.643945038318634,0.3014985918998718,-0.06355836242437363,0.7343676090240479,0.49105995893478394,-0.03049202263355255,0.7471395134925842,0.3836289644241333,-0.05399833992123604,0.7561073303222656,0.32072415947914124,-0.06690265238285065,0.7666802406311035,0.2687147855758667,-0.07237103581428528,0.7696194648742676,0.5178781151771545,-0.03928695619106293,0.7823088765144348,0.46882715821266174,-0.07402456551790237,0.7588079571723938,0.5306999087333679,-0.07625998556613922,0.7458080053329468,0.5712671279907227,-0.06762494891881943,0.7972643375396729,0.5580663084983826,-0.04950139671564102,0.794322669506073,0.5297355651855469,-0.07774127274751663,0.7742194533348083,0.5756332874298096,-0.0742177814245224,0.7631435394287109,0.6083381175994873,-0.06480931490659714
20250527_114532_566575,2,0.7375096678733826,0.7253344655036926,5.264143965177936e-07,0.6937061548233032,0.6889325380325317,-0.015727242454886436,0.6723946928977966,0.6083368062973022,-0.022966893389821053,0.7026135325431824,0.5486525893211365,-0.03231879323720932,0.7390096783638,0.5178285241127014,-0.04165789857506752,0.6873416900634766,0.5223375558853149,-0.012989764101803303,0.6614882946014404,0.43762385845184326,-0.028620751574635506,0.647421658039093,0.3863169550895691,-0.036746662110090256,0.6376332640647888,0.3419753611087799,-0.042258623987436295,0.7267650365829468,0.521591305732727,-0.020704269409179688,0.7387919425964355,0.41608333587646484,-0.03884062543511391,0.7448903918266296,0.35389018058776855,-0.04974718764424324,0.7537069916725159,0.30300891399383545,-0.05442943051457405,0.758487343788147,0.5472583174705505,-0.030596870929002762,0.7548498511314392,0.49310094118118286,-0.0627649649977684,0.7333094477653503,0.5518074035644531,-0.06609529256820679,0.7270766496658325,0.5933769941329956,-0.058557599782943726,0.7825208306312561,0.5856954455375671,-0.041195839643478394,0.7619764804840088,0.5558672547340393,-0.06968775391578674,0.7412548065185547,0.6039052605628967,-0.06787434965372086,0.7356444597244263,0.6407918334007263,-0.05975119024515152
20250527_114535_738186,3,0.8017169237136841,0.6668107509613037,-3.0645097126580367e-07,0.7869896292686462,0.5733572244644165,0.0008344411035068333,0.7465588450431824,0.4770762026309967,-0.01304811704903841,0.7256956696510315,0.3996894061565399,-0.027153246104717255,0.7375808358192444,0.33322227001190186,-0.04189899563789368,0.72327721118927,0.48383015394210815,-0.04871898517012596,0.623828113079071,0.49928003549575806,-0.07037582993507385,0.6456538438796997,0.5238588452339172,-0.07523494958877563,0.6771814227104187,0.523952305316925,-0.07608236372470856,0.7188643217086792,0.5424907803535461,-0.0591631755232811,0.617924153804779,0.5589720606803894,-0.07672709971666336,0.6463580131530762,0.5745621919631958,-0.06905634701251984,0.6799304485321045,0.5716097354888916,-0.06447996199131012,0.7142144441604614,0.6034272313117981,-0.0676535815000534,0.6280163526535034,0.6118501424789429,-0.08183548599481583,0.6577755212783813,0.621522068977356,-0.06500348448753357,0.6902070641517639,0.618343710899353,-0.054033420979976654,0.7098355293273926,0.6612933278083801,-0.07525389641523361,0.6477801203727722,0.6603682637214661,-0.08593383431434631,0.6745474934577942,0.6629053950309753,-0.07506260275840759,0.7030062675476074,0.6589558720588684,-0.066097192466259
20250527_114536_250197,3,0.8037481307983398,0.6723772883415222,-3.4274228255526396e-07,0.7848082184791565,0.5790442228317261,0.001221110695041716,0.7436625361442566,0.4798996150493622,-0.013925607316195965,0.726401686668396,0.39941510558128357,-0.029513033106923103,0.7403309345245361,0.3323441743850708,-0.0458056665956974,0.7302696704864502,0.4786342978477478,-0.05212981626391411,0.6250558495521545,0.4982765316963196,-0.0764087587594986,0.6458163261413574,0.5267379283905029,-0.0817454606294632,0.6779095530509949,0.5274803638458252,-0.08228884637355804,0.7277945280075073,0.537705659866333,-0.06370335817337036,0.6199353337287903,0.5583691596984863,-0.0835799053311348,0.6472862362861633,0.5764803886413574,-0.07529520243406296,0.6814395189285278,0.5723530650138855,-0.07025173306465149,0.7231402397155762,0.6002201437950134,-0.0734105035662651,0.6292523741722107,0.613353431224823,-0.08943752199411392,0.6578888893127441,0.6256020665168762,-0.07182454317808151,0.6910730004310608,0.6218987703323364,-0.0601915679872036,0.7166656255722046,0.6601524353027344,-0.08219487220048904,0.647086501121521,0.6636855006217957,-0.09384280443191528,0.6736379861831665,0.6686149835586548,-0.08274025470018387,0.7037949562072754,0.6646454334259033,-0.07360982149839401
20250527_114536_739010,3,0.7915371656417847,0.6906329989433289,-4.5925730773888063e-07,0.7492525577545166,0.5901710391044617,-0.009579528123140335,0.721911609172821,0.4809749722480774,-0.0280552189797163,0.722520649433136,0.39200329780578613,-0.045513931661844254,0.7487239837646484,0.3221150040626526,-0.062955841422081,0.7497845888137817,0.46720194816589355,-0.060197390615940094,0.6385374069213867,0.49059221148490906,-0.08998661488294601,0.6548221707344055,0.5286309719085693,-0.09702025353908539,0.6851916313171387,0.527563214302063,-0.09939435124397278,0.7587827444076538,0.530265212059021,-0.07015305012464523,0.6360072493553162,0.5588757395744324,-0.09823290258646011,0.6620322465896606,0.5811232328414917,-0.09130633622407913,0.695414662361145,0.5787778496742249,-0.08816482126712799,0.7584287524223328,0.5953633785247803,-0.08018333464860916,0.6470686197280884,0.617943525314331,-0.10526442527770996,0.6714789271354675,0.6347950100898743,-0.08935034275054932,0.7038031816482544,0.6321524977684021,-0.07867489010095596,0.752792477607727,0.6578584909439087,-0.0904066190123558,0.6630628108978271,0.6684824228286743,-0.10740658640861511,0.6819863319396973,0.6748683452606201,-0.10019562393426895,0.7128562927246094,0.6705329418182373,-0.0941915288567543
20250527_114537_241334,3,0.7753894925117493,0.7277273535728455,-5.297721372699016e-07,0.7278542518615723,0.608580470085144,-0.013461194932460785,0.7084307670593262,0.49253758788108826,-0.032968033105134964,0.7139389514923096,0.397986501455307,-0.05104733258485794,0.7417038679122925,0.32344526052474976,-0.06801101565361023,0.7585456967353821,0.46432432532310486,-0.05498354882001877,0.6408196687698364,0.49080681800842285,-0.08644074946641922,0.653964102268219,0.5366150736808777,-0.09570235013961792,0.6892052888870239,0.5360398888587952,-0.09978771954774857,0.7695459127426147,0.5294856429100037,-0.06459219008684158,0.638272225856781,0.5595426559448242,-0.0929865762591362,0.6601395010948181,0.5886805057525635,-0.08849761635065079,0.6955133676528931,0.5864146947860718,-0.08707243204116821,0.7692623734474182,0.5987593531608582,-0.07525958865880966,0.6464000344276428,0.6244540214538574,-0.1014924868941307,0.6673145890235901,0.6456725597381592,-0.08737707138061523,0.7028703093528748,0.6387430429458618,-0.07811994850635529,0.7628905177116394,0.6673744916915894,-0.08674575388431549,0.6608327031135559,0.685107409954071,-0.10353290289640427,0.6754269599914551,0.694953441619873,-0.09709062427282333,0.7074049115180969,0.6879422068595886,-0.09157096594572067
20250527_114537_735694,3,0.759884238243103,0.7587997317314148,-6.565921921719564e-07,0.7127059698104858,0.6230757832527161,-0.020986929535865784,0.7086024284362793,0.49768444895744324,-0.038231268525123596,0.7286644577980042,0.4012579917907715,-0.05176152288913727,0.7541071176528931,0.3272531032562256,-0.06193777173757553,0.7928731441497803,0.4692920446395874,-0.05438787862658501,0.6739723086357117,0.4797058403491974,-0.08196983486413956,0.6739234328269958,0.53465735912323,-0.08762969821691513,0.7060933709144592,0.5451078414916992,-0.08989981561899185,0.8093723058700562,0.5353687405586243,-0.06062297150492668,0.6702755093574524,0.5555602312088013,-0.08485103398561478,0.6787760853767395,0.594000518321991,-0.0785205215215683,0.7111946940422058,0.5954552888870239,-0.07570607215166092,0.8093082904815674,0.6104695200920105,-0.06886015832424164,0.6787135601043701,0.6275796890258789,-0.09210563451051712,0.6886991262435913,0.6555081605911255,-0.07798140496015549,0.7224128842353821,0.6541293263435364,-0.06911981105804443,0.7998946905136108,0.6858999133110046,-0.0790659487247467,0.6937204599380493,0.6959084868431091,-0.09493636339902878,0.6991678476333618,0.7067286968231201,-0.09026749432086945,0.7291778922080994,0.700355052947998,-0.08578022569417953
20250527_114538_266861,3,0.7523976564407349,0.8029646873474121,-1.2036961152261938e-06,0.68765789270401,0.6451265811920166,-0.03274835646152496,0.6997639536857605,0.5134199261665344,-0.046806078404188156,0.7382800579071045,0.4245370924472809,-0.05708669498562813,0.7672439217567444,0.35554295778274536,-0.06199606508016586,0.8150181174278259,0.4811035394668579,-0.04033853858709335,0.7156782746315002,0.48156246542930603,-0.07556577026844025,0.6816045641899109,0.5524351596832275,-0.0942026823759079,0.6890385150909424,0.5924521088600159,-0.10494855791330338,0.8447402119636536,0.5475661754608154,-0.04181342571973801,0.7131000757217407,0.5528754591941833,-0.07968240976333618,0.6876050233840942,0.6147611141204834,-0.08538498729467392,0.7017321586608887,0.6494991183280945,-0.08727586269378662,0.8500968813896179,0.6206024885177612,-0.04799538105726242,0.7251803278923035,0.6227293610572815,-0.08461969345808029,0.704913318157196,0.665338397026062,-0.07540416717529297,0.7236193418502808,0.6826589107513428,-0.06537385284900665,0.8382408022880554,0.6898214817047119,-0.057934775948524475,0.7389679551124573,0.6927279829978943,-0.08161795139312744,0.7217825651168823,0.7107217907905579,-0.07826079428195953,0.7376065850257874,0.7120355367660522,-0.07219216227531433
20250527_114538_266861,3,0.7249326109886169,0.7643613219261169,-8.4662610788655e-07,0.6841464042663574,0.6406311392784119,-0.03290890157222748,0.7002615928649902,0.5191521048545837,-0.04269308224320412,0.7310476899147034,0.4330623149871826,-0.047052837908267975,0.7554800510406494,0.3640442490577698,-0.04446562007069588,0.8114627599716187,0.4851321578025818,-0.0363612025976181,0.7131147384643555,0.47765764594078064,-0.06339450180530548,0.6846725940704346,0.5443779826164246,-0.07211265712976456,0.6976349353790283,0.5779176354408264,-0.0768582671880722,0.8394997715950012,0.5456811785697937,-0.034479327499866486,0.7105339765548706,0.5521891713142395,-0.06226033717393875,0.6855496764183044,0.615427553653717,-0.0607307106256485,0.7057967185974121,0.6407346129417419,-0.057580988854169846,0.8433418869972229,0.6197893023490906,-0.03754163533449173,0.7221598029136658,0.6277386546134949,-0.06774774193763733,0.7026362419128418,0.6696752309799194,-0.05671432241797447,0.7232065200805664,0.6853461265563965,-0.045827217400074005,0.8344003558158875,0.6956321001052856,-0.04405740275979042,0.740749716758728,0.7023604512214661,-0.0668296292424202,0.720305860042572,0.7182548642158508,-0.06521854549646378,0.7329846620559692,0.7214177846908569,-0.059613339602947235
20250527_114538_726577,3,0.7587074637413025,0.7686156630516052,-5.443711188490852e-07,0.7262938618659973,0.634829044342041,-0.02583806775510311,0.729214072227478,0.514019787311554,-0.0415947400033474,0.749000072479248,0.42524194717407227,-0.052901480346918106,0.7768916487693787,0.3600042462348938,-0.05867369472980499,0.8113506436347961,0.5031419396400452,-0.04640001058578491,0.6921036839485168,0.49422550201416016,-0.07321596890687943,0.6846655011177063,0.5466277003288269,-0.07890579849481583,0.7164121866226196,0.5635905861854553,-0.08086150139570236,0.8233691453933716,0.5704579949378967,-0.04985777288675308,0.681689977645874,0.5685854554176331,-0.07275950163602829,0.6866028904914856,0.6089516282081604,-0.06829963624477386,0.7210208773612976,0.6163513660430908,-0.0657971203327179,0.816848635673523,0.6459176540374756,-0.05660342052578926,0.6851248741149902,0.6438305377960205,-0.0792122408747673,0.6931360960006714,0.6718503832817078,-0.06823080033063889,0.7260611057281494,0.677376925945282,-0.060580477118492126,0.8008213043212891,0.7209568023681641,-0.06599755585193634,0.6971660256385803,0.718821108341217,-0.08264848589897156,0.7030007243156433,0.7267618775367737,-0.08121825009584427,0.7322065234184265,0.7250379323959351,-0.07796706259250641
20250527_114539_153938,3,0.7728920578956604,0.7612992525100708,-4.2348480633336294e-07,0.7488462924957275,0.6464962363243103,0.0018812487833201885,0.7150538563728333,0.5288720726966858,-0.010401686653494835,0.7053801417350769,0.43445315957069397,-0.024077195674180984,0.7292226552963257,0.36123132705688477,-0.03770069777965546,0.7154876589775085,0.5029875636100769,-0.034245964139699936,0.6039133667945862,0.516189455986023,-0.05964377522468567,0.6186234951019287,0.5526253581047058,-0.07012483477592468,0.6483604907989502,0.5523452758789062,-0.07545915246009827,0.7092534303665161,0.5652976632118225,-0.047612328082323074,0.5889124870300293,0.5839006304740906,-0.06910505145788193,0.6134065389633179,0.6090914011001587,-0.06495364755392075,0.6480260491371155,0.606787919998169,-0.0639016404747963,0.6976369619369507,0.6318866014480591,-0.060728684067726135,0.5936143398284912,0.6435675024986267,-0.08017325401306152,0.6158545017242432,0.6634777784347534,-0.06677883118391037,0.6474510431289673,0.6600945591926575,-0.058217279613018036,0.6834551692008972,0.697197675704956,-0.07345129549503326,0.6077054738998413,0.7021991610527039,-0.08673781901597977,0.6281647682189941,0.7143321633338928,-0.07933953404426575,0.6561742424964905,0.7120597958564758,-0.07275298982858658
20250527_114539_634571,3,0.7166456580162048,0.7282981872558594,-2.2850441894206597e-07,0.7027104496955872,0.6295636296272278,0.0035405722446739674,0.667466402053833,0.5323254466056824,-0.0030461696442216635,0.642225980758667,0.4577084183692932,-0.010710520669817924,0.6442221403121948,0.3961239457130432,-0.01890382170677185,0.615103006362915,0.5173469185829163,-0.018817652016878128,0.5405905842781067,0.5462806224822998,-0.027481218799948692,0.5607368350028992,0.5769817233085632,-0.03047909028828144,0.5865732431411743,0.5772910714149475,-0.03185935690999031,0.6013854146003723,0.5727088451385498,-0.026727771386504173,0.5340090990066528,0.6048182845115662,-0.031409744173288345,0.5578036308288574,0.6270622611045837,-0.028037196025252342,0.5850523114204407,0.6272268295288086,-0.027362201362848282,0.591893196105957,0.6336574554443359,-0.03275743126869202,0.5421274900436401,0.6564452052116394,-0.03626872971653938,0.5671190023422241,0.6725381016731262,-0.026215355843305588,0.5938857197761536,0.672456681728363,-0.021369652822613716,0.585268497467041,0.6924560070037842,-0.038300495594739914,0.5568996667861938,0.7014954686164856,-0.041033435612916946,0.5833114385604858,0.7170231938362122,-0.03148525580763817,0.606591522693634,0.7202006578445435,-0.02325615845620632
20250527_114540_053251,3,0.6857292056083679,0.7267841696739197,-1.6869853425305337e-07,0.6810742020606995,0.6233494281768799,0.006599257700145245,0.6517446637153625,0.5439996719360352,0.004022246692329645,0.6213638782501221,0.47957319021224976,5.2387997129699215e-05,0.6173577904701233,0.4223617911338806,-0.005633410066366196,0.5775262713432312,0.5413130521774292,-0.008771068416535854,0.5333896279335022,0.5656693577766418,-0.0042894319631159306,0.553737461566925,0.5899140238761902,-0.0017357103060930967,0.5754044055938721,0.5949140787124634,-0.0010386580834165215,0.5595201849937439,0.5956859588623047,-0.012986964546144009,0.53564453125,0.6148973703384399,-0.0030909948982298374,0.5583152174949646,0.6319557428359985,0.0006537814042530954,0.5803612470626831,0.6378704309463501,-0.0005736191524192691,0.5521930456161499,0.6550063490867615,-0.01399041898548603,0.5455151796340942,0.6599758267402649,-0.004299700725823641,0.5656018853187561,0.6725290417671204,0.0011141103459522128,0.5862095355987549,0.6806566715240479,0.0003498899459373206,0.5488231182098389,0.7096775770187378,-0.014285692945122719,0.5491926670074463,0.7015775442123413,-0.006490039639174938,0.5715039372444153,0.712764322757721,0.0021429676562547684,0.5888367295265198,0.7197512984275818,0.00791638158261776
20250527_114540_639909,3,0.6484488248825073,0.7660431265830994,-2.54378335284855e-07,0.6624892354011536,0.6712690591812134,-0.0008111837669275701,0.6371452808380127,0.5903995037078857,-0.0008717774762772024,0.6022785902023315,0.5346823930740356,-0.0006641946383751929,0.5889824628829956,0.4834652543067932,-0.0014221426099538803,0.5529332160949707,0.59043288230896,0.0006264440016821027,0.5668022036552429,0.6008245944976807,0.0013173865154385567,0.5898129343986511,0.6243281960487366,-0.004336059093475342,0.6012162566184998,0.6400707960128784,-0.009878444485366344,0.5323575735092163,0.6416909694671631,-0.00012631026038434356,0.5579624176025391,0.6493889689445496,0.010055427439510822,0.5784117579460144,0.6663916110992432,0.006990320049226284,0.5870591402053833,0.67936772108078,-0.0006115483120083809,0.5269051790237427,0.6932446360588074,0.00010898093023570254,0.548902153968811,0.6918978691101074,0.006033822428435087,0.5673142671585083,0.7009637951850891,0.0051485635340213776,0.5766094923019409,0.7118242383003235,0.0002372579328948632,0.5269343852996826,0.741623044013977,0.00041734438855201006,0.5435311198234558,0.7333338260650635,0.0031989947892725468,0.5639178156852722,0.7375001311302185,0.007299655117094517,0.5744816660881042,0.7438104152679443,0.009893100708723068
20250527_114541_066496,3,0.6512592434883118,0.7589395046234131,-2.2331407478759502e-07,0.6663166880607605,0.6643676161766052,0.0019399714656174183,0.6418899893760681,0.5804193019866943,0.003119104076176882,0.610648512840271,0.5244366526603699,0.003898932132869959,0.5999936461448669,0.47269827127456665,0.0035452491138130426,0.5556430816650391,0.5766264796257019,0.005792074371129274,0.576197624206543,0.5846467018127441,0.008655376732349396,0.5971162915229797,0.6097890734672546,0.0037806499749422073,0.6043573617935181,0.627153754234314,-0.0016762467566877604,0.5348989367485046,0.6268131732940674,0.003405116032809019,0.5632569789886475,0.6339403986930847,0.01658240333199501,0.5824399590492249,0.6522443294525146,0.014339910820126534,0.5890136957168579,0.6669328808784485,0.006853982340544462,0.5304100513458252,0.6789987683296204,0.0020435983315110207,0.5539687871932983,0.6775712370872498,0.010622519068419933,0.5721599459648132,0.6879198551177979,0.010068502277135849,0.5802083015441895,0.7007760405540466,0.004763293545693159,0.5323601961135864,0.7284788489341736,0.0008321819477714598,0.5512163043022156,0.7224031686782837,0.006598298903554678,0.5714710354804993,0.726056694984436,0.01145052071660757,0.5814017057418823,0.7325979471206665,0.013853699900209904
20250527_114541_560522,3,0.6644717454910278,0.740278959274292,-1.4693253547193308e-07,0.6678649187088013,0.6450074315071106,-0.003005563048645854,0.6406480669975281,0.5668634176254272,-0.008100079372525215,0.6092755794525146,0.5086185932159424,-0.013804754242300987,0.597971498966217,0.4517965316772461,-0.020859824493527412,0.5578213334083557,0.5686609745025635,-0.00577416131272912,0.5403546094894409,0.5899292826652527,-0.009974793531000614,0.5581852793693542,0.6120789647102356,-0.016997355967760086,0.5748727321624756,0.6220373511314392,-0.022505972534418106,0.5404584407806396,0.6188273429870605,-0.007614015601575375,0.5428699254989624,0.6424599289894104,-0.004213530570268631,0.5647467970848083,0.6577520370483398,-0.0076124407351017,0.5815190672874451,0.6651025414466858,-0.013266748748719692,0.5357514023780823,0.6742925047874451,-0.008920490741729736,0.5492649674415588,0.6879016160964966,-0.00629015825688839,0.5674362778663635,0.6962076425552368,-0.007516779005527496,0.5827068090438843,0.7017039060592651,-0.011509520001709461,0.5354380011558533,0.7268062233924866,-0.010749840177595615,0.5520884990692139,0.7321971654891968,-0.009520172141492367,0.5723276138305664,0.7361869215965271,-0.007931218482553959,0.5850715637207031,0.7375006079673767,-0.006472340784966946
20250527_114541_977941,3,0.6827918291091919,0.7270936369895935,-3.0853396992824855e-07,0.6716153621673584,0.6436560153961182,0.0005402922397479415,0.6403871178627014,0.5536453723907471,-0.006898434367030859,0.6172742247581482,0.484483003616333,-0.015325040556490421,0.6156578063964844,0.42638343572616577,-0.023929912596940994,0.6020478010177612,0.5363466739654541,-0.021641595289111137,0.525048017501831,0.565551221370697,-0.037877291440963745,0.5401915907859802,0.5955638289451599,-0.042439717799425125,0.5645412802696228,0.5936564803123474,-0.04361656308174133,0.59590744972229,0.5815244913101196,-0.029784124344587326,0.519810140132904,0.6198330521583557,-0.04370401054620743,0.5426934957504272,0.6418024301528931,-0.039329323917627335,0.5695279836654663,0.6357724070549011,-0.036286212503910065,0.5896928906440735,0.6343492865562439,-0.03793303668498993,0.5274102687835693,0.667475700378418,-0.0504072830080986,0.5517950654029846,0.6849958300590515,-0.039741624146699905,0.5773558616638184,0.6794931292533875,-0.03263799101114273,0.58371901512146,0.6900714039802551,-0.045862674713134766,0.5432754755020142,0.7137665748596191,-0.05623287707567215,0.5683596134185791,0.7264879941940308,-0.050928425043821335,0.5912826657295227,0.720883309841156,-0.04516230523586273
20250527_114542_422474,3,0.6973650455474854,0.7271536588668823,-3.8769687193962454e-07,0.6841345429420471,0.6428081393241882,-0.004214029759168625,0.6505138874053955,0.5486166477203369,-0.013954096473753452,0.6317601799964905,0.4750968813896179,-0.02367079071700573,0.6370880603790283,0.4116595685482025,-0.03264578431844711,0.6347900032997131,0.5122992396354675,-0.029243195429444313,0.542686939239502,0.546867847442627,-0.05199166387319565,0.5589888095855713,0.5830643773078918,-0.05945334956049919,0.5861796140670776,0.581860363483429,-0.06250692158937454,0.6338562965393066,0.5579673647880554,-0.03743522986769676,0.5391281247138977,0.6021961569786072,-0.05860193818807602,0.5633235573768616,0.6289627552032471,-0.05555334314703941,0.591663658618927,0.6238136291503906,-0.053367581218481064,0.628720223903656,0.6138157248497009,-0.04647498205304146,0.547966480255127,0.6548906564712524,-0.0660746842622757,0.5722157955169678,0.676775336265564,-0.054757650941610336,0.5982047915458679,0.6704967617988586,-0.046421345323324203,0.6217808723449707,0.6716407537460327,-0.05560550466179848,0.5642128586769104,0.704195499420166,-0.0716095119714737,0.5868240594863892,0.7187127470970154,-0.06761399656534195,0.610113799571991,0.7106997966766357,-0.06237313151359558
20250527_114546_567764,4,0.7566774487495422,0.6849513649940491,-3.247383233428991e-07,0.6942864656448364,0.6556839346885681,-0.0036132964305579662,0.6464293003082275,0.6050609350204468,-0.012195040471851826,0.6067357659339905,0.5766600966453552,-0.026692066341638565,0.5930907726287842,0.5364648103713989,-0.04003123939037323,0.7016878128051758,0.47922375798225403,0.01611347123980522,0.6522581577301025,0.43666213750839233,-0.016252689063549042,0.6167325973510742,0.46703749895095825,-0.047928132116794586,0.6004037857055664,0.5077289342880249,-0.06430944800376892,0.7205802202224731,0.4575499892234802,0.003537918208166957,0.6961151957511902,0.3694227337837219,-0.017888013273477554,0.6540955305099487,0.3357726037502289,-0.03489053249359131,0.6154603362083435,0.3214220404624939,-0.04329290613532066,0.7418495416641235,0.4538675844669342,-0.014851449988782406,0.7317495942115784,0.3586207628250122,-0.029445722699165344,0.70268714427948,0.3044259548187256,-0.03744257986545563,0.6747194528579712,0.26814791560173035,-0.04012336954474449,0.7577056884765625,0.4680045545101166,-0.03541040048003197,0.7597463726997375,0.39140933752059937,-0.04426848888397217,0.7416375875473022,0.34101349115371704,-0.04547826573252678,0.7180433869361877,0.30169057846069336,-0.043991606682538986
20250527_114546_984513,4,0.7472672462463379,0.6829440593719482,-2.7670856184158765e-07,0.6851833462715149,0.6606968641281128,-0.010107596404850483,0.632655143737793,0.6129173040390015,-0.021994078531861305,0.5924603343009949,0.5842939615249634,-0.038442619144916534,0.580872654914856,0.5389503836631775,-0.05329009145498276,0.6854512691497803,0.48241642117500305,0.009448555298149586,0.6387066841125488,0.4368872046470642,-0.02276415377855301,0.6065999865531921,0.46963444352149963,-0.05370039492845535,0.5939797759056091,0.511585533618927,-0.07036414742469788,0.7071166634559631,0.45778709650039673,-0.0005900092073716223,0.6818236708641052,0.3731052279472351,-0.022182274609804153,0.6427550315856934,0.34108418226242065,-0.04005250334739685,0.6083183884620667,0.32563328742980957,-0.05003366246819496,0.7316228747367859,0.45377296209335327,-0.016816845163702965,0.7185234427452087,0.36247387528419495,-0.03205955773591995,0.6907131671905518,0.3100455403327942,-0.04196303337812424,0.664151132106781,0.2698567807674408,-0.04718665033578873,0.7542160153388977,0.46911361813545227,-0.03553168475627899,0.7534679174423218,0.39442378282546997,-0.04583907499909401,0.7358269691467285,0.3466947674751282,-0.048822071403265,0.7121529579162598,0.3077661097049713,-0.04953403025865555
20250527_114547_495496,4,0.7563756108283997,0.6724243760108948,-1.8594917605696537e-07,0.6889140605926514,0.6536673307418823,-0.016654260456562042,0.6290969252586365,0.6019487977027893,-0.03096715360879898,0.5859822034835815,0.5652559399604797,-0.048621468245983124,0.5853949189186096,0.5175603628158569,-0.06416843831539154,0.6787250638008118,0.47154533863067627,0.0046171643771231174,0.6347787976264954,0.4132014811038971,-0.031078364700078964,0.6046863198280334,0.44363337755203247,-0.06385719776153564,0.5922304391860962,0.4869244396686554,-0.08115921169519424,0.7082433104515076,0.4438245892524719,-0.0030306160915642977,0.6827907562255859,0.3559762239456177,-0.024045441299676895,0.6479883790016174,0.31486374139785767,-0.04203889146447182,0.6170456409454346,0.2909034490585327,-0.05283951386809349,0.7418654561042786,0.43973585963249207,-0.017785167321562767,0.7228907942771912,0.34688788652420044,-0.03375736624002457,0.6995657682418823,0.29062309861183167,-0.04286669194698334,0.6780077815055847,0.24512380361557007,-0.04771551489830017,0.7743232250213623,0.4568166136741638,-0.03556840494275093,0.767021656036377,0.38352546095848083,-0.04695436358451843,0.751764714717865,0.33454304933547974,-0.04910857230424881,0.73310387134552,0.29087281227111816,-0.04901643097400665
20250527_114547_903517,4,0.7680233120918274,0.6675064563751221,-3.507776114020089e-08,0.698067843914032,0.6498240232467651,-0.022321073338389397,0.6377358436584473,0.5952961444854736,-0.03964479640126228,0.5938647389411926,0.5419014692306519,-0.06009192764759064,0.6125462055206299,0.4912868142127991,-0.0775284692645073,0.67576664686203,0.463898628950119,0.007248879410326481,0.6404724717140198,0.3972671329975128,-0.02983207441866398,0.619404137134552,0.42479729652404785,-0.061720360070466995,0.6151883006095886,0.4677673578262329,-0.07744229584932327,0.7083489894866943,0.4348045289516449,0.002576968865469098,0.6838028430938721,0.34615981578826904,-0.013194454833865166,0.6573088765144348,0.2983361482620239,-0.025721469894051552,0.6341254711151123,0.26225972175598145,-0.03379945829510689,0.746630072593689,0.4292537569999695,-0.01094555389136076,0.7243459820747375,0.3377535939216614,-0.02491667866706848,0.704829752445221,0.2793285846710205,-0.03014802187681198,0.6866931319236755,0.2308981716632843,-0.03251514211297035,0.7852490544319153,0.4430137276649475,-0.028377924114465714,0.7728539109230042,0.36845844984054565,-0.037919119000434875,0.7584503293037415,0.3201950490474701,-0.03784925490617752,0.7425054311752319,0.27654358744621277,-0.03630111739039421
20250527_114548_321072,4,0.7748388648033142,0.6693970561027527,5.866415619948384e-08,0.7102509140968323,0.6586629152297974,-0.03064609318971634,0.6475407481193542,0.6013492941856384,-0.04977145045995712,0.6104661226272583,0.5298430323600769,-0.06988547742366791,0.6426178216934204,0.47003278136253357,-0.08412421494722366,0.6588886976242065,0.4657623767852783,0.008820769377052784,0.6365276575088501,0.3907981514930725,-0.02830071933567524,0.644797682762146,0.42778992652893066,-0.060354650020599365,0.6579259037971497,0.46492594480514526,-0.07616586238145828,0.6922483444213867,0.43354517221450806,0.008089369162917137,0.6684491038322449,0.342987596988678,-0.004076111130416393,0.6554818749427795,0.2943658232688904,-0.015341054648160934,0.642233669757843,0.24720747768878937,-0.023611320182681084,0.73232501745224,0.4265132546424866,-0.0031855828128755093,0.7087870836257935,0.3382527828216553,-0.015186291188001633,0.6948041915893555,0.28224050998687744,-0.02075696922838688,0.6787333488464355,0.229173481464386,-0.024179456755518913,0.7774133682250977,0.4363310635089874,-0.019337641075253487,0.7589209675788879,0.3645899295806885,-0.024664806202054024,0.7475235462188721,0.3206985592842102,-0.022800276055932045,0.735266923904419,0.2786773443222046,-0.021246077492833138
20250527_114548_739914,4,0.7794443368911743,0.6750686168670654,1.0626223456711159e-07,0.7151508331298828,0.6588898301124573,-0.03073284961283207,0.6546867489814758,0.6030211448669434,-0.050894077867269516,0.6181111335754395,0.535145103931427,-0.07235857844352722,0.6494128108024597,0.4744952917098999,-0.08828495442867279,0.665185809135437,0.4688985347747803,0.009516807273030281,0.6435440182685852,0.3970533609390259,-0.029387421905994415,0.6514447927474976,0.4320375621318817,-0.06305323541164398,0.6652665734291077,0.4690389931201935,-0.07972143590450287,0.6979461312294006,0.4377007782459259,0.008279021829366684,0.6745997071266174,0.34762293100357056,-0.005140000954270363,0.6617074012756348,0.29701587557792664,-0.01720200479030609,0.6494710445404053,0.2472112625837326,-0.026161229237914085,0.7379643321037292,0.43159589171409607,-0.003867305349558592,0.7155517935752869,0.3420395255088806,-0.016960253939032555,0.7016490697860718,0.28527605533599854,-0.023162826895713806,0.6863152980804443,0.23130536079406738,-0.027133213356137276,0.7830601334571838,0.4420204162597656,-0.020992903038859367,0.7657771706581116,0.36961227655410767,-0.02720542438328266,0.7554925084114075,0.3245331645011902,-0.02592398039996624,0.7443144917488098,0.2804828882217407,-0.024984359741210938
20250527_114549_246921,4,0.7816590666770935,0.685211181640625,1.0556376395243205e-07,0.7205920219421387,0.6710505485534668,-0.030431121587753296,0.6624644994735718,0.6190057992935181,-0.051114361733198166,0.6297957301139832,0.5533492565155029,-0.07277520000934601,0.6595001220703125,0.49409008026123047,-0.08920420706272125,0.6647495031356812,0.4805309474468231,0.003448525443673134,0.6428852081298828,0.408942848443985,-0.03662899136543274,0.6563556790351868,0.43894198536872864,-0.07091549038887024,0.6765750646591187,0.4726574122905731,-0.0884644091129303,0.6971602439880371,0.4479416608810425,0.0012615785235539079,0.6716129779815674,0.3567991852760315,-0.014630526304244995,0.6611659526824951,0.30494317412376404,-0.02884708344936371,0.6526967883110046,0.2538490891456604,-0.03967149183154106,0.736517608165741,0.44099539518356323,-0.011072580702602863,0.7127877473831177,0.3513118624687195,-0.026205940172076225,0.6996465921401978,0.29489725828170776,-0.033433571457862854,0.6864147782325745,0.24046018719673157,-0.038372207432985306,0.7821555137634277,0.45164626836776733,-0.028194356709718704,0.7628180980682373,0.378592848777771,-0.03587493672966957,0.7527127265930176,0.3331783413887024,-0.03514289855957031,0.7424049973487854,0.2877350151538849,-0.034826990216970444
20250527_114549_574036,4,0.7679229378700256,0.6985081434249878,-1.5312838286263286e-07,0.699570894241333,0.6759564280509949,-0.018012724816799164,0.6407743096351624,0.6207053661346436,-0.03282788768410683,0.5985246896743774,0.5795275568962097,-0.05115465074777603,0.6066907644271851,0.5295111536979675,-0.06757732480764389,0.6851162314414978,0.48943033814430237,0.005057379603385925,0.6448112726211548,0.43013766407966614,-0.032396383583545685,0.6174382567405701,0.46008339524269104,-0.06638907641172409,0.6071470975875854,0.502329409122467,-0.08427958935499191,0.7163838744163513,0.4616900086402893,-0.0023766469676047564,0.6924059391021729,0.37298309803009033,-0.021276405081152916,0.66217041015625,0.3283225893974304,-0.03866273909807205,0.635371744632721,0.2977035343647003,-0.05024992674589157,0.7523658871650696,0.458723247051239,-0.017468947917222977,0.7334806323051453,0.367615669965744,-0.032610420137643814,0.7130539417266846,0.3105912208557129,-0.041826143860816956,0.6935535073280334,0.2628262937068939,-0.047514982521533966,0.7870159149169922,0.478237509727478,-0.03585057333111763,0.7779139876365662,0.40463852882385254,-0.046457018703222275,0.7640209197998047,0.35632118582725525,-0.04813152924180031,0.7475497126579285,0.3117945194244385,-0.04830262437462807
20250527_114550_006648,4,0.7537806034088135,0.6998428702354431,-2.5861456265374727e-07,0.6936531066894531,0.6714045405387878,-0.009707286953926086,0.6444339752197266,0.6193865537643433,-0.01925022341310978,0.6058520674705505,0.5829732418060303,-0.033324580639600754,0.5960608720779419,0.5341968536376953,-0.04537639394402504,0.7009758949279785,0.5037146806716919,0.015053916722536087,0.6583935618400574,0.45613640546798706,-0.01556155364960432,0.6230154037475586,0.4775378704071045,-0.04506818205118179,0.6044175028800964,0.5104798674583435,-0.06022056192159653,0.7228882312774658,0.48240676522254944,0.006712665781378746,0.7022925615310669,0.3990473747253418,-0.011659199371933937,0.6673104166984558,0.3606184124946594,-0.026417141780257225,0.6354005932807922,0.3372676372528076,-0.03432927280664444,0.7459996342658997,0.47863566875457764,-0.008318559266626835,0.7362287640571594,0.3930569291114807,-0.021995212882757187,0.7119989395141602,0.3413142263889313,-0.028956478461623192,0.6885867118835449,0.3026432693004608,-0.031090226024389267,0.7654931545257568,0.49184155464172363,-0.026066487655043602,0.7628064155578613,0.41878271102905273,-0.03453383222222328,0.7453998327255249,0.37277185916900635,-0.035447023808956146,0.7236327528953552,0.336203396320343,-0.03386557474732399
20250527_114550_492627,4,0.7347498536109924,0.7017115354537964,-3.020048211510584e-07,0.6811666488647461,0.6698315143585205,0.0053994678892195225,0.6451811790466309,0.6243644952774048,0.0028674425557255745,0.6119762063026428,0.5968675017356873,-0.006553479004651308,0.592894434928894,0.5603823661804199,-0.014352694153785706,0.7001344561576843,0.5197547674179077,0.024730946868658066,0.6570723056793213,0.47969967126846313,-0.00042403751285746694,0.62115877866745,0.5018360614776611,-0.025549164041876793,0.6026034355163574,0.5350614786148071,-0.037148501724004745,0.7140430808067322,0.5044168829917908,0.011398659087717533,0.6979711055755615,0.4198957681655884,-0.002857757965102792,0.6634649038314819,0.385290265083313,-0.01243544090539217,0.6322500705718994,0.36497774720191956,-0.0159812830388546,0.7278326153755188,0.5001368522644043,-0.0069040232338011265,0.7244458794593811,0.4106285870075226,-0.017077302560210228,0.6972078084945679,0.3664962649345398,-0.019411107525229454,0.671562671661377,0.3410762548446655,-0.01731458120048046,0.734356701374054,0.5062175989151001,-0.026666300371289253,0.7362247705459595,0.4316372573375702,-0.031375229358673096,0.7160863280296326,0.39039134979248047,-0.028751295059919357,0.6926454901695251,0.3644962012767792,-0.023817332461476326
20250527_114550_998369,4,0.7193440794944763,0.7039507627487183,-4.799366593033483e-07,0.667004406452179,0.6580532789230347,0.05985380709171295,0.6450567841529846,0.6233543157577515,0.08395273983478546,0.6197468042373657,0.5975511074066162,0.0916890949010849,0.5963905453681946,0.5635920763015747,0.09775812923908234,0.7131949067115784,0.5438045263290405,0.08990610390901566,0.668080747127533,0.5031887292861938,0.09332111477851868,0.6282263398170471,0.5191671848297119,0.08285901695489883,0.606880247592926,0.547397255897522,0.07806754857301712,0.7266865372657776,0.5326603055000305,0.056805726140737534,0.7024304866790771,0.44682401418685913,0.07418590784072876,0.66862952709198,0.40981900691986084,0.0736992284655571,0.6416196823120117,0.39310866594314575,0.07028906792402267,0.7287254929542542,0.5298706889152527,0.022847894579172134,0.7157643437385559,0.4365043342113495,0.04025100916624069,0.6869176030158997,0.39482739567756653,0.04602537676692009,0.664117693901062,0.37809574604034424,0.04661332815885544,0.7121188044548035,0.5225852727890015,-0.008342353627085686,0.7097091674804688,0.4532928466796875,0.004354538861662149,0.6932733058929443,0.4158167243003845,0.0131258275359869,0.6745278239250183,0.3926888704299927,0.018533537164330482
20250527_114551_415872,4,0.731443464756012,0.6831681132316589,-3.2442764563711535e-07,0.6973285675048828,0.6356619000434875,0.068989098072052,0.6792007684707642,0.5992644429206848,0.09787582606077194,0.6558528542518616,0.5708295702934265,0.11140772700309753,0.6380200386047363,0.5431501269340515,0.12224111706018448,0.7495235204696655,0.5297502279281616,0.07976154237985611,0.7221254706382751,0.4607255160808563,0.09509467333555222,0.6931720972061157,0.43325620889663696,0.10231339186429977,0.6707366704940796,0.42148345708847046,0.10609708726406097,0.748966634273529,0.521513819694519,0.04208820313215256,0.7283585071563721,0.4239537715911865,0.056375447660684586,0.7012613415718079,0.3797670304775238,0.06305548548698425,0.6799649596214294,0.3548772931098938,0.06500912457704544,0.7326784729957581,0.5218479633331299,0.006641061045229435,0.7199262380599976,0.42151644825935364,0.015390943735837936,0.6965572834014893,0.38032472133636475,0.021128637716174126,0.67490553855896,0.35558345913887024,0.022215653210878372,0.700117826461792,0.5220397710800171,-0.02355211228132248,0.6959468722343445,0.44236260652542114,-0.02029363065958023,0.6828343868255615,0.40842753648757935,-0.01576901599764824,0.6668564081192017,0.38392674922943115,-0.014158927835524082
20250527_114551_906758,4,0.735476553440094,0.6851475834846497,-2.6478284098629956e-07,0.7113057374954224,0.6401002407073975,0.08292505145072937,0.6939506530761719,0.6004089713096619,0.12056313455104828,0.6692261695861816,0.5735096335411072,0.1405356377363205,0.6503463387489319,0.547563910484314,0.15801174938678741,0.7534733414649963,0.5330861210823059,0.09975343942642212,0.7285664677619934,0.46385377645492554,0.12437257170677185,0.7010562419891357,0.4330472946166992,0.13762950897216797,0.6780933737754822,0.4175094962120056,0.14468041062355042,0.74782794713974,0.52135169506073,0.057381004095077515,0.7311502695083618,0.42593953013420105,0.07857222110033035,0.7061212062835693,0.38338008522987366,0.0891638770699501,0.6849101781845093,0.3614963889122009,0.09429880231618881,0.7299893498420715,0.5180651545524597,0.018176157027482986,0.7179391980171204,0.4258963465690613,0.03436083719134331,0.6986151933670044,0.3872654438018799,0.043632689863443375,0.6790974140167236,0.36498987674713135,0.046812862157821655,0.6984713077545166,0.5168921947479248,-0.015120264142751694,0.6966406106948853,0.4468232989311218,-0.0031769550405442715,0.6867967844009399,0.41826099157333374,0.005860109813511372,0.6733179688453674,0.40148672461509705,0.010099692270159721
20250527_114552_399188,4,0.7274856567382812,0.7012684345245361,-4.5218041577754775e-07,0.6729465126991272,0.6587570309638977,0.05905817076563835,0.6502295136451721,0.6252343058586121,0.08286184072494507,0.62555992603302,0.5999647378921509,0.08948494493961334,0.6061505675315857,0.5604891777038574,0.0946236327290535,0.7197905778884888,0.5378001928329468,0.09862633049488068,0.6725188493728638,0.5066970586776733,0.1030951514840126,0.6322253346443176,0.524040937423706,0.09187866747379303,0.6095386743545532,0.5503823161125183,0.08680316060781479,0.73161381483078,0.52800053358078,0.06545156985521317,0.7062270045280457,0.44892212748527527,0.08419297635555267,0.6699374318122864,0.41658318042755127,0.08350430428981781,0.6428594589233398,0.40175044536590576,0.08128702640533447,0.7346224188804626,0.5257812738418579,0.030697917565703392,0.722233235836029,0.4343174993991852,0.049069084227085114,0.6927182674407959,0.3933723270893097,0.056625109165906906,0.6705090403556824,0.37742772698402405,0.06000267714262009,0.720571756362915,0.5205671191215515,-0.0019053641008213162,0.7183413505554199,0.4478031098842621,0.012118295766413212,0.6999112367630005,0.4103437066078186,0.02320675365626812,0.6804535984992981,0.38870060443878174,0.031599920243024826
20250527_114552_740419,4,0.7191727161407471,0.695791482925415,-3.215266133338446e-07,0.6684152483940125,0.6717984676361084,0.0027547627687454224,0.63255375623703,0.634785532951355,-0.0011414699256420135,0.601086437702179,0.607728123664856,-0.011316055431962013,0.5849303007125854,0.5686992406845093,-0.019155504181981087,0.6895833611488342,0.5354741215705872,0.025521468371152878,0.6497899293899536,0.5004804134368896,0.0023255154956132174,0.6154563426971436,0.5172376036643982,-0.02091939188539982,0.5971731543540955,0.5438031554222107,-0.03171210736036301,0.7032451629638672,0.5195616483688354,0.013759270310401917,0.6864818930625916,0.4454631805419922,0.00171656406018883,0.6518594622612,0.4155028462409973,-0.0062920330092310905,0.6219409704208374,0.39721810817718506,-0.009037497453391552,0.7155263423919678,0.5111281275749207,-0.0033402193803340197,0.7089174389839172,0.43018418550491333,-0.011500302702188492,0.6810048818588257,0.3888300061225891,-0.012185915373265743,0.6578189730644226,0.3641504645347595,-0.009470240212976933,0.7214908599853516,0.5119655132293701,-0.022355996072292328,0.7197628021240234,0.4440412223339081,-0.026326367631554604,0.6994403600692749,0.4040616750717163,-0.023670664057135582,0.6775960922241211,0.3775368928909302,-0.018914129585027695
